England and Wales Code,England and Wales,Distance travelled to work (8 categories) Code,Distance travelled to work (8 categories),Occupation (current) (105 categories) Code,Occupation (current) (105 categories),Observation
K04000001,England and Wales,-8,Does not apply,-8,Does not apply,31823877
K04000001,England and Wales,-8,Does not apply,1,111 Chief executives and senior officials,0
K04000001,England and Wales,-8,Does not apply,2,112 Production managers and directors,0
K04000001,England and Wales,-8,Does not apply,3,113 Functional managers and directors,0
K04000001,England and Wales,-8,Does not apply,4,"114 Directors in logistics, warehousing and transport",0
K04000001,England and Wales,-8,Does not apply,5,115 Managers and directors in retail and wholesale,0
K04000001,England and Wales,-8,Does not apply,6,116 Senior officers in protective services,0
K04000001,England and Wales,-8,Does not apply,7,117 Health and social services managers and directors,0
K04000001,England and Wales,-8,Does not apply,8,121 Managers and proprietors in agriculture related services,0
K04000001,England and Wales,-8,Does not apply,9,122 Managers and proprietors in hospitality and leisure services,0
K04000001,England and Wales,-8,Does not apply,10,123 Managers and proprietors in health and care services,0
K04000001,England and Wales,-8,Does not apply,11,"124 Managers in logistics, warehousing and transport",0
K04000001,England and Wales,-8,Does not apply,12,125 Managers and proprietors in other services,0
K04000001,England and Wales,-8,Does not apply,13,211 Natural and social science professionals,0
K04000001,England and Wales,-8,Does not apply,14,212 Engineering professionals,0
K04000001,England and Wales,-8,Does not apply,15,213 Information technology professionals,0
K04000001,England and Wales,-8,Does not apply,16,214 Web and multimedia design professionals,0
K04000001,England and Wales,-8,Does not apply,17,215 Conservation and environment professionals,0
K04000001,England and Wales,-8,Does not apply,18,216 Research and development (R&D) and other research professionals,0
K04000001,England and Wales,-8,Does not apply,19,221 Medical practitioners,0
K04000001,England and Wales,-8,Does not apply,20,222 Therapy professionals,0
K04000001,England and Wales,-8,Does not apply,21,223 Nursing and midwifery professionals,0
K04000001,England and Wales,-8,Does not apply,22,224 Veterinarians,0
K04000001,England and Wales,-8,Does not apply,23,225 Other health professionals,0
K04000001,England and Wales,-8,Does not apply,24,231 Teaching and other educational professionals,0
K04000001,England and Wales,-8,Does not apply,25,232 Other educational professionals,0
K04000001,England and Wales,-8,Does not apply,26,241 Legal professionals,0
K04000001,England and Wales,-8,Does not apply,27,242 Finance professionals,0
K04000001,England and Wales,-8,Does not apply,28,"243 Business, research and administrative professionals",0
K04000001,England and Wales,-8,Does not apply,29,244 Business and financial project management professionals,0
K04000001,England and Wales,-8,Does not apply,30,"245 Architects, chartered architectural technologists, planning officers, surveyors and construction professionals",0
K04000001,England and Wales,-8,Does not apply,31,246 Welfare professionals,0
K04000001,England and Wales,-8,Does not apply,32,247 Librarians and related professionals,0
K04000001,England and Wales,-8,Does not apply,33,248 Quality and regulatory professionals,0
K04000001,England and Wales,-8,Does not apply,34,249 Media professionals,0
K04000001,England and Wales,-8,Does not apply,35,"311 Science, engineering and production technicians",0
K04000001,England and Wales,-8,Does not apply,36,"312 CAD, drawing and architectural technicians",0
K04000001,England and Wales,-8,Does not apply,37,313 Information technology technicians,0
K04000001,England and Wales,-8,Does not apply,38,321 Health associate professionals,0
K04000001,England and Wales,-8,Does not apply,39,322 Welfare and housing associate professionals,0
K04000001,England and Wales,-8,Does not apply,40,323 Teaching and childcare associate professionals,0
K04000001,England and Wales,-8,Does not apply,41,324 Veterinary nurses,0
K04000001,England and Wales,-8,Does not apply,42,331 Protective service occupations,0
K04000001,England and Wales,-8,Does not apply,43,"341 Artistic, literary and media occupations",0
K04000001,England and Wales,-8,Does not apply,44,342 Design occupations,0
K04000001,England and Wales,-8,Does not apply,45,343 Sports and fitness occupations,0
K04000001,England and Wales,-8,Does not apply,46,351 Transport associate professionals,0
K04000001,England and Wales,-8,Does not apply,47,352 Legal associate professionals,0
K04000001,England and Wales,-8,Does not apply,48,353 Finance associate professionals,0
K04000001,England and Wales,-8,Does not apply,49,354 Business associate professionals,0
K04000001,England and Wales,-8,Does not apply,50,"355 Sales, marketing and related associate professionals",0
K04000001,England and Wales,-8,Does not apply,51,356 Public services associate professionals,0
K04000001,England and Wales,-8,Does not apply,52,"357 HR, training and other vocational associate guidance professionals",0
K04000001,England and Wales,-8,Does not apply,53,358 Regulatory associate professionals,0
K04000001,England and Wales,-8,Does not apply,54,411 Administrative occupations: Government and related organisations,0
K04000001,England and Wales,-8,Does not apply,55,412 Administrative occupations: Finance,0
K04000001,England and Wales,-8,Does not apply,56,413 Administrative occupations: Records,0
K04000001,England and Wales,-8,Does not apply,57,414 Administrative occupations: Office managers and supervisors,0
K04000001,England and Wales,-8,Does not apply,58,415 Other administrative occupations,0
K04000001,England and Wales,-8,Does not apply,59,421 Secretarial and related occupations,0
K04000001,England and Wales,-8,Does not apply,60,511 Agricultural and related trades,0
K04000001,England and Wales,-8,Does not apply,61,"521 Metal forming, welding and related trades",0
K04000001,England and Wales,-8,Does not apply,62,"522 Metal machining, fitting and instrument making trades",0
K04000001,England and Wales,-8,Does not apply,63,523 Vehicle trades,0
K04000001,England and Wales,-8,Does not apply,64,524 Electrical and electronic trades,0
K04000001,England and Wales,-8,Does not apply,65,"525 Skilled metal, electrical and electronic trades supervisors",0
K04000001,England and Wales,-8,Does not apply,66,531 Construction and building trades,0
K04000001,England and Wales,-8,Does not apply,67,532 Building finishing trades,0
K04000001,England and Wales,-8,Does not apply,68,533 Construction and building trades supervisors,0
K04000001,England and Wales,-8,Does not apply,69,541 Textiles and garments trades,0
K04000001,England and Wales,-8,Does not apply,70,542 Printing trades,0
K04000001,England and Wales,-8,Does not apply,71,543 Food preparation and hospitality trades,0
K04000001,England and Wales,-8,Does not apply,72,544 Other skilled trades,0
K04000001,England and Wales,-8,Does not apply,73,611 Teaching and childcare support occupations,0
K04000001,England and Wales,-8,Does not apply,74,612 Animal care and control services,0
K04000001,England and Wales,-8,Does not apply,75,613 Caring personal services,0
K04000001,England and Wales,-8,Does not apply,76,621 Leisure and travel services,0
K04000001,England and Wales,-8,Does not apply,77,622 Hairdressers and related services,0
K04000001,England and Wales,-8,Does not apply,78,623 Housekeeping and related services,0
K04000001,England and Wales,-8,Does not apply,79,624 Cleaning and housekeeping managers and supervisors,0
K04000001,England and Wales,-8,Does not apply,80,625 Bed and breakfast and guest house owners and proprietors,0
K04000001,England and Wales,-8,Does not apply,81,631 Community and civil enforcement occupations,0
K04000001,England and Wales,-8,Does not apply,82,711 Sales assistants and retail cashiers,0
K04000001,England and Wales,-8,Does not apply,83,712 Sales related occupations,0
K04000001,England and Wales,-8,Does not apply,84,713 Shopkeepers and sales supervisors,0
K04000001,England and Wales,-8,Does not apply,85,721 Customer service occupations,0
K04000001,England and Wales,-8,Does not apply,86,722 Customer service supervisors,0
K04000001,England and Wales,-8,Does not apply,87,811 Process operatives,0
K04000001,England and Wales,-8,Does not apply,88,812 Metal working machine operatives,0
K04000001,England and Wales,-8,Does not apply,89,813 Plant and machine operatives,0
K04000001,England and Wales,-8,Does not apply,90,814 Assemblers and routine operatives,0
K04000001,England and Wales,-8,Does not apply,91,815 Construction operatives,0
K04000001,England and Wales,-8,Does not apply,92,"816 Production, factory and assembly supervisors",0
K04000001,England and Wales,-8,Does not apply,93,821 Road transport drivers,0
K04000001,England and Wales,-8,Does not apply,94,822 Mobile machine drivers and operatives,0
K04000001,England and Wales,-8,Does not apply,95,823 Other drivers and transport operatives,0
K04000001,England and Wales,-8,Does not apply,96,911 Elementary agricultural occupations,0
K04000001,England and Wales,-8,Does not apply,97,912 Elementary construction occupations,0
K04000001,England and Wales,-8,Does not apply,98,913 Elementary process plant occupations,0
K04000001,England and Wales,-8,Does not apply,99,921 Elementary administration occupations,0
K04000001,England and Wales,-8,Does not apply,100,922 Elementary cleaning occupations,0
K04000001,England and Wales,-8,Does not apply,101,923 Elementary security occupations,0
K04000001,England and Wales,-8,Does not apply,102,924 Elementary sales occupations,0
K04000001,England and Wales,-8,Does not apply,103,925 Elementary storage occupations,0
K04000001,England and Wales,-8,Does not apply,104,926 Other elementary services occupations,0
K04000001,England and Wales,1,Less than 5km,-8,Does not apply,0
K04000001,England and Wales,1,Less than 5km,1,111 Chief executives and senior officials,8858
K04000001,England and Wales,1,Less than 5km,2,112 Production managers and directors,80945
K04000001,England and Wales,1,Less than 5km,3,113 Functional managers and directors,72186
K04000001,England and Wales,1,Less than 5km,4,"114 Directors in logistics, warehousing and transport",1915
K04000001,England and Wales,1,Less than 5km,5,115 Managers and directors in retail and wholesale,126657
K04000001,England and Wales,1,Less than 5km,6,116 Senior officers in protective services,5943
K04000001,England and Wales,1,Less than 5km,7,117 Health and social services managers and directors,22200
K04000001,England and Wales,1,Less than 5km,8,121 Managers and proprietors in agriculture related services,5340
K04000001,England and Wales,1,Less than 5km,9,122 Managers and proprietors in hospitality and leisure services,88649
K04000001,England and Wales,1,Less than 5km,10,123 Managers and proprietors in health and care services,25466
K04000001,England and Wales,1,Less than 5km,11,"124 Managers in logistics, warehousing and transport",33152
K04000001,England and Wales,1,Less than 5km,12,125 Managers and proprietors in other services,82120
K04000001,England and Wales,1,Less than 5km,13,211 Natural and social science professionals,16468
K04000001,England and Wales,1,Less than 5km,14,212 Engineering professionals,39291
K04000001,England and Wales,1,Less than 5km,15,213 Information technology professionals,26931
K04000001,England and Wales,1,Less than 5km,16,214 Web and multimedia design professionals,5622
K04000001,England and Wales,1,Less than 5km,17,215 Conservation and environment professionals,2096
K04000001,England and Wales,1,Less than 5km,18,216 Research and development (R&D) and other research professionals,10439
K04000001,England and Wales,1,Less than 5km,19,221 Medical practitioners,67876
K04000001,England and Wales,1,Less than 5km,20,222 Therapy professionals,27994
K04000001,England and Wales,1,Less than 5km,21,223 Nursing and midwifery professionals,207772
K04000001,England and Wales,1,Less than 5km,22,224 Veterinarians,4221
K04000001,England and Wales,1,Less than 5km,23,225 Other health professionals,50962
K04000001,England and Wales,1,Less than 5km,24,231 Teaching and other educational professionals,249474
K04000001,England and Wales,1,Less than 5km,25,232 Other educational professionals,48121
K04000001,England and Wales,1,Less than 5km,26,241 Legal professionals,17929
K04000001,England and Wales,1,Less than 5km,27,242 Finance professionals,28156
K04000001,England and Wales,1,Less than 5km,28,"243 Business, research and administrative professionals",18287
K04000001,England and Wales,1,Less than 5km,29,244 Business and financial project management professionals,9464
K04000001,England and Wales,1,Less than 5km,30,"245 Architects, chartered architectural technologists, planning officers, surveyors and construction professionals",12650
K04000001,England and Wales,1,Less than 5km,31,246 Welfare professionals,20368
K04000001,England and Wales,1,Less than 5km,32,247 Librarians and related professionals,4012
K04000001,England and Wales,1,Less than 5km,33,248 Quality and regulatory professionals,11941
K04000001,England and Wales,1,Less than 5km,34,249 Media professionals,6259
K04000001,England and Wales,1,Less than 5km,35,"311 Science, engineering and production technicians",55337
K04000001,England and Wales,1,Less than 5km,36,"312 CAD, drawing and architectural technicians",5447
K04000001,England and Wales,1,Less than 5km,37,313 Information technology technicians,24057
K04000001,England and Wales,1,Less than 5km,38,321 Health associate professionals,28570
K04000001,England and Wales,1,Less than 5km,39,322 Welfare and housing associate professionals,46943
K04000001,England and Wales,1,Less than 5km,40,323 Teaching and childcare associate professionals,109466
K04000001,England and Wales,1,Less than 5km,41,324 Veterinary nurses,4719
K04000001,England and Wales,1,Less than 5km,42,331 Protective service occupations,52670
K04000001,England and Wales,1,Less than 5km,43,"341 Artistic, literary and media occupations",21451
K04000001,England and Wales,1,Less than 5km,44,342 Design occupations,7473
K04000001,England and Wales,1,Less than 5km,45,343 Sports and fitness occupations,26773
K04000001,England and Wales,1,Less than 5km,46,351 Transport associate professionals,2138
K04000001,England and Wales,1,Less than 5km,47,352 Legal associate professionals,4760
K04000001,England and Wales,1,Less than 5km,48,353 Finance associate professionals,16460
K04000001,England and Wales,1,Less than 5km,49,354 Business associate professionals,23253
K04000001,England and Wales,1,Less than 5km,50,"355 Sales, marketing and related associate professionals",76512
K04000001,England and Wales,1,Less than 5km,51,356 Public services associate professionals,7818
K04000001,England and Wales,1,Less than 5km,52,"357 HR, training and other vocational associate guidance professionals",31639
K04000001,England and Wales,1,Less than 5km,53,358 Regulatory associate professionals,7024
K04000001,England and Wales,1,Less than 5km,54,411 Administrative occupations: Government and related organisations,33040
K04000001,England and Wales,1,Less than 5km,55,412 Administrative occupations: Finance,93161
K04000001,England and Wales,1,Less than 5km,56,413 Administrative occupations: Records,81162
K04000001,England and Wales,1,Less than 5km,57,414 Administrative occupations: Office managers and supervisors,50507
K04000001,England and Wales,1,Less than 5km,58,415 Other administrative occupations,159488
K04000001,England and Wales,1,Less than 5km,59,421 Secretarial and related occupations,177327
K04000001,England and Wales,1,Less than 5km,60,511 Agricultural and related trades,28987
K04000001,England and Wales,1,Less than 5km,61,"521 Metal forming, welding and related trades",21288
K04000001,England and Wales,1,Less than 5km,62,"522 Metal machining, fitting and instrument making trades",56213
K04000001,England and Wales,1,Less than 5km,63,523 Vehicle trades,60458
K04000001,England and Wales,1,Less than 5km,64,524 Electrical and electronic trades,26016
K04000001,England and Wales,1,Less than 5km,65,"525 Skilled metal, electrical and electronic trades supervisors",8805
K04000001,England and Wales,1,Less than 5km,66,531 Construction and building trades,44735
K04000001,England and Wales,1,Less than 5km,67,532 Building finishing trades,9508
K04000001,England and Wales,1,Less than 5km,68,533 Construction and building trades supervisors,5926
K04000001,England and Wales,1,Less than 5km,69,541 Textiles and garments trades,11607
K04000001,England and Wales,1,Less than 5km,70,542 Printing trades,8051
K04000001,England and Wales,1,Less than 5km,71,543 Food preparation and hospitality trades,171611
K04000001,England and Wales,1,Less than 5km,72,544 Other skilled trades,17571
K04000001,England and Wales,1,Less than 5km,73,611 Teaching and childcare support occupations,276410
K04000001,England and Wales,1,Less than 5km,74,612 Animal care and control services,12285
K04000001,England and Wales,1,Less than 5km,75,613 Caring personal services,501905
K04000001,England and Wales,1,Less than 5km,76,621 Leisure and travel services,27168
K04000001,England and Wales,1,Less than 5km,77,622 Hairdressers and related services,78164
K04000001,England and Wales,1,Less than 5km,78,623 Housekeeping and related services,63031
K04000001,England and Wales,1,Less than 5km,79,624 Cleaning and housekeeping managers and supervisors,23758
K04000001,England and Wales,1,Less than 5km,80,625 Bed and breakfast and guest house owners and proprietors,502
K04000001,England and Wales,1,Less than 5km,81,631 Community and civil enforcement occupations,5211
K04000001,England and Wales,1,Less than 5km,82,711 Sales assistants and retail cashiers,681372
K04000001,England and Wales,1,Less than 5km,83,712 Sales related occupations,10989
K04000001,England and Wales,1,Less than 5km,84,713 Shopkeepers and sales supervisors,100212
K04000001,England and Wales,1,Less than 5km,85,721 Customer service occupations,88728
K04000001,England and Wales,1,Less than 5km,86,722 Customer service supervisors,4079
K04000001,England and Wales,1,Less than 5km,87,811 Process operatives,100330
K04000001,England and Wales,1,Less than 5km,88,812 Metal working machine operatives,15945
K04000001,England and Wales,1,Less than 5km,89,813 Plant and machine operatives,23710
K04000001,England and Wales,1,Less than 5km,90,814 Assemblers and routine operatives,63399
K04000001,England and Wales,1,Less than 5km,91,815 Construction operatives,21381
K04000001,England and Wales,1,Less than 5km,92,"816 Production, factory and assembly supervisors",20143
K04000001,England and Wales,1,Less than 5km,93,821 Road transport drivers,158705
K04000001,England and Wales,1,Less than 5km,94,822 Mobile machine drivers and operatives,29806
K04000001,England and Wales,1,Less than 5km,95,823 Other drivers and transport operatives,12251
K04000001,England and Wales,1,Less than 5km,96,911 Elementary agricultural occupations,11954
K04000001,England and Wales,1,Less than 5km,97,912 Elementary construction occupations,16572
K04000001,England and Wales,1,Less than 5km,98,913 Elementary process plant occupations,94280
K04000001,England and Wales,1,Less than 5km,99,921 Elementary administration occupations,60460
K04000001,England and Wales,1,Less than 5km,100,922 Elementary cleaning occupations,282624
K04000001,England and Wales,1,Less than 5km,101,923 Elementary security occupations,104974
K04000001,England and Wales,1,Less than 5km,102,924 Elementary sales occupations,43892
K04000001,England and Wales,1,Less than 5km,103,925 Elementary storage occupations,207384
K04000001,England and Wales,1,Less than 5km,104,926 Other elementary services occupations,357894
K04000001,England and Wales,2,5km to less than 10km,-8,Does not apply,0
K04000001,England and Wales,2,5km to less than 10km,1,111 Chief executives and senior officials,5785
K04000001,England and Wales,2,5km to less than 10km,2,112 Production managers and directors,57750
K04000001,England and Wales,2,5km to less than 10km,3,113 Functional managers and directors,51806
K04000001,England and Wales,2,5km to less than 10km,4,"114 Directors in logistics, warehousing and transport",1388
K04000001,England and Wales,2,5km to less than 10km,5,115 Managers and directors in retail and wholesale,67187
K04000001,England and Wales,2,5km to less than 10km,6,116 Senior officers in protective services,3578
K04000001,England and Wales,2,5km to less than 10km,7,117 Health and social services managers and directors,13991
K04000001,England and Wales,2,5km to less than 10km,8,121 Managers and proprietors in agriculture related services,3348
K04000001,England and Wales,2,5km to less than 10km,9,122 Managers and proprietors in hospitality and leisure services,39654
K04000001,England and Wales,2,5km to less than 10km,10,123 Managers and proprietors in health and care services,13865
K04000001,England and Wales,2,5km to less than 10km,11,"124 Managers in logistics, warehousing and transport",23259
K04000001,England and Wales,2,5km to less than 10km,12,125 Managers and proprietors in other services,46212
K04000001,England and Wales,2,5km to less than 10km,13,211 Natural and social science professionals,11165
K04000001,England and Wales,2,5km to less than 10km,14,212 Engineering professionals,29940
K04000001,England and Wales,2,5km to less than 10km,15,213 Information technology professionals,18633
K04000001,England and Wales,2,5km to less than 10km,16,214 Web and multimedia design professionals,3744
K04000001,England and Wales,2,5km to less than 10km,17,215 Conservation and environment professionals,1461
K04000001,England and Wales,2,5km to less than 10km,18,216 Research and development (R&D) and other research professionals,4824
K04000001,England and Wales,2,5km to less than 10km,19,221 Medical practitioners,42282
K04000001,England and Wales,2,5km to less than 10km,20,222 Therapy professionals,20306
K04000001,England and Wales,2,5km to less than 10km,21,223 Nursing and midwifery professionals,120054
K04000001,England and Wales,2,5km to less than 10km,22,224 Veterinarians,3121
K04000001,England and Wales,2,5km to less than 10km,23,225 Other health professionals,33989
K04000001,England and Wales,2,5km to less than 10km,24,231 Teaching and other educational professionals,164572
K04000001,England and Wales,2,5km to less than 10km,25,232 Other educational professionals,27870
K04000001,England and Wales,2,5km to less than 10km,26,241 Legal professionals,12442
K04000001,England and Wales,2,5km to less than 10km,27,242 Finance professionals,19455
K04000001,England and Wales,2,5km to less than 10km,28,"243 Business, research and administrative professionals",12018
K04000001,England and Wales,2,5km to less than 10km,29,244 Business and financial project management professionals,7585
K04000001,England and Wales,2,5km to less than 10km,30,"245 Architects, chartered architectural technologists, planning officers, surveyors and construction professionals",11221
K04000001,England and Wales,2,5km to less than 10km,31,246 Welfare professionals,12428
K04000001,England and Wales,2,5km to less than 10km,32,247 Librarians and related professionals,2068
K04000001,England and Wales,2,5km to less than 10km,33,248 Quality and regulatory professionals,8876
K04000001,England and Wales,2,5km to less than 10km,34,249 Media professionals,4646
K04000001,England and Wales,2,5km to less than 10km,35,"311 Science, engineering and production technicians",35708
K04000001,England and Wales,2,5km to less than 10km,36,"312 CAD, drawing and architectural technicians",3546
K04000001,England and Wales,2,5km to less than 10km,37,313 Information technology technicians,15143
K04000001,England and Wales,2,5km to less than 10km,38,321 Health associate professionals,15880
K04000001,England and Wales,2,5km to less than 10km,39,322 Welfare and housing associate professionals,24359
K04000001,England and Wales,2,5km to less than 10km,40,323 Teaching and childcare associate professionals,37801
K04000001,England and Wales,2,5km to less than 10km,41,324 Veterinary nurses,3726
K04000001,England and Wales,2,5km to less than 10km,42,331 Protective service occupations,42998
K04000001,England and Wales,2,5km to less than 10km,43,"341 Artistic, literary and media occupations",12986
K04000001,England and Wales,2,5km to less than 10km,44,342 Design occupations,4524
K04000001,England and Wales,2,5km to less than 10km,45,343 Sports and fitness occupations,15058
K04000001,England and Wales,2,5km to less than 10km,46,351 Transport associate professionals,1697
K04000001,England and Wales,2,5km to less than 10km,47,352 Legal associate professionals,3102
K04000001,England and Wales,2,5km to less than 10km,48,353 Finance associate professionals,11633
K04000001,England and Wales,2,5km to less than 10km,49,354 Business associate professionals,14908
K04000001,England and Wales,2,5km to less than 10km,50,"355 Sales, marketing and related associate professionals",49697
K04000001,England and Wales,2,5km to less than 10km,51,356 Public services associate professionals,4484
K04000001,England and Wales,2,5km to less than 10km,52,"357 HR, training and other vocational associate guidance professionals",21207
K04000001,England and Wales,2,5km to less than 10km,53,358 Regulatory associate professionals,5506
K04000001,England and Wales,2,5km to less than 10km,54,411 Administrative occupations: Government and related organisations,19655
K04000001,England and Wales,2,5km to less than 10km,55,412 Administrative occupations: Finance,51496
K04000001,England and Wales,2,5km to less than 10km,56,413 Administrative occupations: Records,45518
K04000001,England and Wales,2,5km to less than 10km,57,414 Administrative occupations: Office managers and supervisors,28868
K04000001,England and Wales,2,5km to less than 10km,58,415 Other administrative occupations,85814
K04000001,England and Wales,2,5km to less than 10km,59,421 Secretarial and related occupations,82744
K04000001,England and Wales,2,5km to less than 10km,60,511 Agricultural and related trades,17338
K04000001,England and Wales,2,5km to less than 10km,61,"521 Metal forming, welding and related trades",14145
K04000001,England and Wales,2,5km to less than 10km,62,"522 Metal machining, fitting and instrument making trades",39235
K04000001,England and Wales,2,5km to less than 10km,63,523 Vehicle trades,38407
K04000001,England and Wales,2,5km to less than 10km,64,524 Electrical and electronic trades,19706
K04000001,England and Wales,2,5km to less than 10km,65,"525 Skilled metal, electrical and electronic trades supervisors",6429
K04000001,England and Wales,2,5km to less than 10km,66,531 Construction and building trades,31718
K04000001,England and Wales,2,5km to less than 10km,67,532 Building finishing trades,6487
K04000001,England and Wales,2,5km to less than 10km,68,533 Construction and building trades supervisors,4698
K04000001,England and Wales,2,5km to less than 10km,69,541 Textiles and garments trades,5619
K04000001,England and Wales,2,5km to less than 10km,70,542 Printing trades,4818
K04000001,England and Wales,2,5km to less than 10km,71,543 Food preparation and hospitality trades,71327
K04000001,England and Wales,2,5km to less than 10km,72,544 Other skilled trades,9637
K04000001,England and Wales,2,5km to less than 10km,73,611 Teaching and childcare support occupations,89471
K04000001,England and Wales,2,5km to less than 10km,74,612 Animal care and control services,8453
K04000001,England and Wales,2,5km to less than 10km,75,613 Caring personal services,223387
K04000001,England and Wales,2,5km to less than 10km,76,621 Leisure and travel services,15073
K04000001,England and Wales,2,5km to less than 10km,77,622 Hairdressers and related services,33901
K04000001,England and Wales,2,5km to less than 10km,78,623 Housekeeping and related services,24677
K04000001,England and Wales,2,5km to less than 10km,79,624 Cleaning and housekeeping managers and supervisors,9604
K04000001,England and Wales,2,5km to less than 10km,80,625 Bed and breakfast and guest house owners and proprietors,183
K04000001,England and Wales,2,5km to less than 10km,81,631 Community and civil enforcement occupations,3813
K04000001,England and Wales,2,5km to less than 10km,82,711 Sales assistants and retail cashiers,230875
K04000001,England and Wales,2,5km to less than 10km,83,712 Sales related occupations,6144
K04000001,England and Wales,2,5km to less than 10km,84,713 Shopkeepers and sales supervisors,40358
K04000001,England and Wales,2,5km to less than 10km,85,721 Customer service occupations,44979
K04000001,England and Wales,2,5km to less than 10km,86,722 Customer service supervisors,2197
K04000001,England and Wales,2,5km to less than 10km,87,811 Process operatives,45839
K04000001,England and Wales,2,5km to less than 10km,88,812 Metal working machine operatives,9085
K04000001,England and Wales,2,5km to less than 10km,89,813 Plant and machine operatives,14270
K04000001,England and Wales,2,5km to less than 10km,90,814 Assemblers and routine operatives,34749
K04000001,England and Wales,2,5km to less than 10km,91,815 Construction operatives,14144
K04000001,England and Wales,2,5km to less than 10km,92,"816 Production, factory and assembly supervisors",10825
K04000001,England and Wales,2,5km to less than 10km,93,821 Road transport drivers,96965
K04000001,England and Wales,2,5km to less than 10km,94,822 Mobile machine drivers and operatives,19132
K04000001,England and Wales,2,5km to less than 10km,95,823 Other drivers and transport operatives,9378
K04000001,England and Wales,2,5km to less than 10km,96,911 Elementary agricultural occupations,7704
K04000001,England and Wales,2,5km to less than 10km,97,912 Elementary construction occupations,11346
K04000001,England and Wales,2,5km to less than 10km,98,913 Elementary process plant occupations,43315
K04000001,England and Wales,2,5km to less than 10km,99,921 Elementary administration occupations,28914
K04000001,England and Wales,2,5km to less than 10km,100,922 Elementary cleaning occupations,96563
K04000001,England and Wales,2,5km to less than 10km,101,923 Elementary security occupations,37585
K04000001,England and Wales,2,5km to less than 10km,102,924 Elementary sales occupations,14410
K04000001,England and Wales,2,5km to less than 10km,103,925 Elementary storage occupations,117590
K04000001,England and Wales,2,5km to less than 10km,104,926 Other elementary services occupations,120854
K04000001,England and Wales,3,10km to less than 30km,-8,Does not apply,0
K04000001,England and Wales,3,10km to less than 30km,1,111 Chief executives and senior officials,8239
K04000001,England and Wales,3,10km to less than 30km,2,112 Production managers and directors,92547
K04000001,England and Wales,3,10km to less than 30km,3,113 Functional managers and directors,81082
K04000001,England and Wales,3,10km to less than 30km,4,"114 Directors in logistics, warehousing and transport",2116
K04000001,England and Wales,3,10km to less than 30km,5,115 Managers and directors in retail and wholesale,98862
K04000001,England and Wales,3,10km to less than 30km,6,116 Senior officers in protective services,7685
K04000001,England and Wales,3,10km to less than 30km,7,117 Health and social services managers and directors,19942
K04000001,England and Wales,3,10km to less than 30km,8,121 Managers and proprietors in agriculture related services,5243
K04000001,England and Wales,3,10km to less than 30km,9,122 Managers and proprietors in hospitality and leisure services,49425
K04000001,England and Wales,3,10km to less than 30km,10,123 Managers and proprietors in health and care services,18699
K04000001,England and Wales,3,10km to less than 30km,11,"124 Managers in logistics, warehousing and transport",37149
K04000001,England and Wales,3,10km to less than 30km,12,125 Managers and proprietors in other services,61774
K04000001,England and Wales,3,10km to less than 30km,13,211 Natural and social science professionals,19894
K04000001,England and Wales,3,10km to less than 30km,14,212 Engineering professionals,55011
K04000001,England and Wales,3,10km to less than 30km,15,213 Information technology professionals,33331
K04000001,England and Wales,3,10km to less than 30km,16,214 Web and multimedia design professionals,5360
K04000001,England and Wales,3,10km to less than 30km,17,215 Conservation and environment professionals,2810
K04000001,England and Wales,3,10km to less than 30km,18,216 Research and development (R&D) and other research professionals,7253
K04000001,England and Wales,3,10km to less than 30km,19,221 Medical practitioners,67784
K04000001,England and Wales,3,10km to less than 30km,20,222 Therapy professionals,35368
K04000001,England and Wales,3,10km to less than 30km,21,223 Nursing and midwifery professionals,161652
K04000001,England and Wales,3,10km to less than 30km,22,224 Veterinarians,5719
K04000001,England and Wales,3,10km to less than 30km,23,225 Other health professionals,56716
K04000001,England and Wales,3,10km to less than 30km,24,231 Teaching and other educational professionals,233533
K04000001,England and Wales,3,10km to less than 30km,25,232 Other educational professionals,37969
K04000001,England and Wales,3,10km to less than 30km,26,241 Legal professionals,18380
K04000001,England and Wales,3,10km to less than 30km,27,242 Finance professionals,28393
K04000001,England and Wales,3,10km to less than 30km,28,"243 Business, research and administrative professionals",18061
K04000001,England and Wales,3,10km to less than 30km,29,244 Business and financial project management professionals,13335
K04000001,England and Wales,3,10km to less than 30km,30,"245 Architects, chartered architectural technologists, planning officers, surveyors and construction professionals",21726
K04000001,England and Wales,3,10km to less than 30km,31,246 Welfare professionals,18464
K04000001,England and Wales,3,10km to less than 30km,32,247 Librarians and related professionals,2563
K04000001,England and Wales,3,10km to less than 30km,33,248 Quality and regulatory professionals,15937
K04000001,England and Wales,3,10km to less than 30km,34,249 Media professionals,6008
K04000001,England and Wales,3,10km to less than 30km,35,"311 Science, engineering and production technicians",55013
K04000001,England and Wales,3,10km to less than 30km,36,"312 CAD, drawing and architectural technicians",5661
K04000001,England and Wales,3,10km to less than 30km,37,313 Information technology technicians,22364
K04000001,England and Wales,3,10km to less than 30km,38,321 Health associate professionals,21276
K04000001,England and Wales,3,10km to less than 30km,39,322 Welfare and housing associate professionals,28962
K04000001,England and Wales,3,10km to less than 30km,40,323 Teaching and childcare associate professionals,31196
K04000001,England and Wales,3,10km to less than 30km,41,324 Veterinary nurses,6676
K04000001,England and Wales,3,10km to less than 30km,42,331 Protective service occupations,92998
K04000001,England and Wales,3,10km to less than 30km,43,"341 Artistic, literary and media occupations",16940
K04000001,England and Wales,3,10km to less than 30km,44,342 Design occupations,6818
K04000001,England and Wales,3,10km to less than 30km,45,343 Sports and fitness occupations,19793
K04000001,England and Wales,3,10km to less than 30km,46,351 Transport associate professionals,3747
K04000001,England and Wales,3,10km to less than 30km,47,352 Legal associate professionals,4179
K04000001,England and Wales,3,10km to less than 30km,48,353 Finance associate professionals,15912
K04000001,England and Wales,3,10km to less than 30km,49,354 Business associate professionals,21200
K04000001,England and Wales,3,10km to less than 30km,50,"355 Sales, marketing and related associate professionals",71242
K04000001,England and Wales,3,10km to less than 30km,51,356 Public services associate professionals,5027
K04000001,England and Wales,3,10km to less than 30km,52,"357 HR, training and other vocational associate guidance professionals",30604
K04000001,England and Wales,3,10km to less than 30km,53,358 Regulatory associate professionals,9671
K04000001,England and Wales,3,10km to less than 30km,54,411 Administrative occupations: Government and related organisations,22860
K04000001,England and Wales,3,10km to less than 30km,55,412 Administrative occupations: Finance,57479
K04000001,England and Wales,3,10km to less than 30km,56,413 Administrative occupations: Records,51579
K04000001,England and Wales,3,10km to less than 30km,57,414 Administrative occupations: Office managers and supervisors,34734
K04000001,England and Wales,3,10km to less than 30km,58,415 Other administrative occupations,89313
K04000001,England and Wales,3,10km to less than 30km,59,421 Secretarial and related occupations,78614
K04000001,England and Wales,3,10km to less than 30km,60,511 Agricultural and related trades,24969
K04000001,England and Wales,3,10km to less than 30km,61,"521 Metal forming, welding and related trades",18925
K04000001,England and Wales,3,10km to less than 30km,62,"522 Metal machining, fitting and instrument making trades",59101
K04000001,England and Wales,3,10km to less than 30km,63,523 Vehicle trades,52397
K04000001,England and Wales,3,10km to less than 30km,64,524 Electrical and electronic trades,33927
K04000001,England and Wales,3,10km to less than 30km,65,"525 Skilled metal, electrical and electronic trades supervisors",10618
K04000001,England and Wales,3,10km to less than 30km,66,531 Construction and building trades,49547
K04000001,England and Wales,3,10km to less than 30km,67,532 Building finishing trades,10330
K04000001,England and Wales,3,10km to less than 30km,68,533 Construction and building trades supervisors,8373
K04000001,England and Wales,3,10km to less than 30km,69,541 Textiles and garments trades,6163
K04000001,England and Wales,3,10km to less than 30km,70,542 Printing trades,6988
K04000001,England and Wales,3,10km to less than 30km,71,543 Food preparation and hospitality trades,77318
K04000001,England and Wales,3,10km to less than 30km,72,544 Other skilled trades,11546
K04000001,England and Wales,3,10km to less than 30km,73,611 Teaching and childcare support occupations,75221
K04000001,England and Wales,3,10km to less than 30km,74,612 Animal care and control services,12523
K04000001,England and Wales,3,10km to less than 30km,75,613 Caring personal services,225930
K04000001,England and Wales,3,10km to less than 30km,76,621 Leisure and travel services,18684
K04000001,England and Wales,3,10km to less than 30km,77,622 Hairdressers and related services,34556
K04000001,England and Wales,3,10km to less than 30km,78,623 Housekeeping and related services,22143
K04000001,England and Wales,3,10km to less than 30km,79,624 Cleaning and housekeeping managers and supervisors,9468
K04000001,England and Wales,3,10km to less than 30km,80,625 Bed and breakfast and guest house owners and proprietors,281
K04000001,England and Wales,3,10km to less than 30km,81,631 Community and civil enforcement occupations,5437
K04000001,England and Wales,3,10km to less than 30km,82,711 Sales assistants and retail cashiers,204454
K04000001,England and Wales,3,10km to less than 30km,83,712 Sales related occupations,7778
K04000001,England and Wales,3,10km to less than 30km,84,713 Shopkeepers and sales supervisors,44954
K04000001,England and Wales,3,10km to less than 30km,85,721 Customer service occupations,49713
K04000001,England and Wales,3,10km to less than 30km,86,722 Customer service supervisors,2677
K04000001,England and Wales,3,10km to less than 30km,87,811 Process operatives,57395
K04000001,England and Wales,3,10km to less than 30km,88,812 Metal working machine operatives,10696
K04000001,England and Wales,3,10km to less than 30km,89,813 Plant and machine operatives,18967
K04000001,England and Wales,3,10km to less than 30km,90,814 Assemblers and routine operatives,42185
K04000001,England and Wales,3,10km to less than 30km,91,815 Construction operatives,20073
K04000001,England and Wales,3,10km to less than 30km,92,"816 Production, factory and assembly supervisors",15173
K04000001,England and Wales,3,10km to less than 30km,93,821 Road transport drivers,130942
K04000001,England and Wales,3,10km to less than 30km,94,822 Mobile machine drivers and operatives,26370
K04000001,England and Wales,3,10km to less than 30km,95,823 Other drivers and transport operatives,15309
K04000001,England and Wales,3,10km to less than 30km,96,911 Elementary agricultural occupations,10816
K04000001,England and Wales,3,10km to less than 30km,97,912 Elementary construction occupations,17449
K04000001,England and Wales,3,10km to less than 30km,98,913 Elementary process plant occupations,49021
K04000001,England and Wales,3,10km to less than 30km,99,921 Elementary administration occupations,31141
K04000001,England and Wales,3,10km to less than 30km,100,922 Elementary cleaning occupations,81015
K04000001,England and Wales,3,10km to less than 30km,101,923 Elementary security occupations,45880
K04000001,England and Wales,3,10km to less than 30km,102,924 Elementary sales occupations,11692
K04000001,England and Wales,3,10km to less than 30km,103,925 Elementary storage occupations,130317
K04000001,England and Wales,3,10km to less than 30km,104,926 Other elementary services occupations,101571
K04000001,England and Wales,4,30km to less than 60km,-8,Does not apply,0
K04000001,England and Wales,4,30km to less than 60km,1,111 Chief executives and senior officials,2717
K04000001,England and Wales,4,30km to less than 60km,2,112 Production managers and directors,29120
K04000001,England and Wales,4,30km to less than 60km,3,113 Functional managers and directors,23001
K04000001,England and Wales,4,30km to less than 60km,4,"114 Directors in logistics, warehousing and transport",581
K04000001,England and Wales,4,30km to less than 60km,5,115 Managers and directors in retail and wholesale,24323
K04000001,England and Wales,4,30km to less than 60km,6,116 Senior officers in protective services,3761
K04000001,England and Wales,4,30km to less than 60km,7,117 Health and social services managers and directors,5128
K04000001,England and Wales,4,30km to less than 60km,8,121 Managers and proprietors in agriculture related services,1398
K04000001,England and Wales,4,30km to less than 60km,9,122 Managers and proprietors in hospitality and leisure services,11321
K04000001,England and Wales,4,30km to less than 60km,10,123 Managers and proprietors in health and care services,3947
K04000001,England and Wales,4,30km to less than 60km,11,"124 Managers in logistics, warehousing and transport",10513
K04000001,England and Wales,4,30km to less than 60km,12,125 Managers and proprietors in other services,15035
K04000001,England and Wales,4,30km to less than 60km,13,211 Natural and social science professionals,6022
K04000001,England and Wales,4,30km to less than 60km,14,212 Engineering professionals,16400
K04000001,England and Wales,4,30km to less than 60km,15,213 Information technology professionals,10076
K04000001,England and Wales,4,30km to less than 60km,16,214 Web and multimedia design professionals,1320
K04000001,England and Wales,4,30km to less than 60km,17,215 Conservation and environment professionals,957
K04000001,England and Wales,4,30km to less than 60km,18,216 Research and development (R&D) and other research professionals,2358
K04000001,England and Wales,4,30km to less than 60km,19,221 Medical practitioners,20212
K04000001,England and Wales,4,30km to less than 60km,20,222 Therapy professionals,8719
K04000001,England and Wales,4,30km to less than 60km,21,223 Nursing and midwifery professionals,29814
K04000001,England and Wales,4,30km to less than 60km,22,224 Veterinarians,1357
K04000001,England and Wales,4,30km to less than 60km,23,225 Other health professionals,15440
K04000001,England and Wales,4,30km to less than 60km,24,231 Teaching and other educational professionals,40235
K04000001,England and Wales,4,30km to less than 60km,25,232 Other educational professionals,7390
K04000001,England and Wales,4,30km to less than 60km,26,241 Legal professionals,4801
K04000001,England and Wales,4,30km to less than 60km,27,242 Finance professionals,5747
K04000001,England and Wales,4,30km to less than 60km,28,"243 Business, research and administrative professionals",4994
K04000001,England and Wales,4,30km to less than 60km,29,244 Business and financial project management professionals,4538
K04000001,England and Wales,4,30km to less than 60km,30,"245 Architects, chartered architectural technologists, planning officers, surveyors and construction professionals",8595
K04000001,England and Wales,4,30km to less than 60km,31,246 Welfare professionals,4508
K04000001,England and Wales,4,30km to less than 60km,32,247 Librarians and related professionals,541
K04000001,England and Wales,4,30km to less than 60km,33,248 Quality and regulatory professionals,4785
K04000001,England and Wales,4,30km to less than 60km,34,249 Media professionals,1597
K04000001,England and Wales,4,30km to less than 60km,35,"311 Science, engineering and production technicians",12855
K04000001,England and Wales,4,30km to less than 60km,36,"312 CAD, drawing and architectural technicians",1363
K04000001,England and Wales,4,30km to less than 60km,37,313 Information technology technicians,4899
K04000001,England and Wales,4,30km to less than 60km,38,321 Health associate professionals,4086
K04000001,England and Wales,4,30km to less than 60km,39,322 Welfare and housing associate professionals,4868
K04000001,England and Wales,4,30km to less than 60km,40,323 Teaching and childcare associate professionals,3494
K04000001,England and Wales,4,30km to less than 60km,41,324 Veterinary nurses,1175
K04000001,England and Wales,4,30km to less than 60km,42,331 Protective service occupations,31089
K04000001,England and Wales,4,30km to less than 60km,43,"341 Artistic, literary and media occupations",4919
K04000001,England and Wales,4,30km to less than 60km,44,342 Design occupations,1716
K04000001,England and Wales,4,30km to less than 60km,45,343 Sports and fitness occupations,4957
K04000001,England and Wales,4,30km to less than 60km,46,351 Transport associate professionals,2077
K04000001,England and Wales,4,30km to less than 60km,47,352 Legal associate professionals,875
K04000001,England and Wales,4,30km to less than 60km,48,353 Finance associate professionals,3827
K04000001,England and Wales,4,30km to less than 60km,49,354 Business associate professionals,4972
K04000001,England and Wales,4,30km to less than 60km,50,"355 Sales, marketing and related associate professionals",16845
K04000001,England and Wales,4,30km to less than 60km,51,356 Public services associate professionals,804
K04000001,England and Wales,4,30km to less than 60km,52,"357 HR, training and other vocational associate guidance professionals",7071
K04000001,England and Wales,4,30km to less than 60km,53,358 Regulatory associate professionals,3177
K04000001,England and Wales,4,30km to less than 60km,54,411 Administrative occupations: Government and related organisations,4203
K04000001,England and Wales,4,30km to less than 60km,55,412 Administrative occupations: Finance,7539
K04000001,England and Wales,4,30km to less than 60km,56,413 Administrative occupations: Records,7948
K04000001,England and Wales,4,30km to less than 60km,57,414 Administrative occupations: Office managers and supervisors,5975
K04000001,England and Wales,4,30km to less than 60km,58,415 Other administrative occupations,11942
K04000001,England and Wales,4,30km to less than 60km,59,421 Secretarial and related occupations,9526
K04000001,England and Wales,4,30km to less than 60km,60,511 Agricultural and related trades,5511
K04000001,England and Wales,4,30km to less than 60km,61,"521 Metal forming, welding and related trades",3313
K04000001,England and Wales,4,30km to less than 60km,62,"522 Metal machining, fitting and instrument making trades",12076
K04000001,England and Wales,4,30km to less than 60km,63,523 Vehicle trades,10141
K04000001,England and Wales,4,30km to less than 60km,64,524 Electrical and electronic trades,9626
K04000001,England and Wales,4,30km to less than 60km,65,"525 Skilled metal, electrical and electronic trades supervisors",2462
K04000001,England and Wales,4,30km to less than 60km,66,531 Construction and building trades,13020
K04000001,England and Wales,4,30km to less than 60km,67,532 Building finishing trades,2676
K04000001,England and Wales,4,30km to less than 60km,68,533 Construction and building trades supervisors,2838
K04000001,England and Wales,4,30km to less than 60km,69,541 Textiles and garments trades,1134
K04000001,England and Wales,4,30km to less than 60km,70,542 Printing trades,1595
K04000001,England and Wales,4,30km to less than 60km,71,543 Food preparation and hospitality trades,14398
K04000001,England and Wales,4,30km to less than 60km,72,544 Other skilled trades,2093
K04000001,England and Wales,4,30km to less than 60km,73,611 Teaching and childcare support occupations,9246
K04000001,England and Wales,4,30km to less than 60km,74,612 Animal care and control services,2673
K04000001,England and Wales,4,30km to less than 60km,75,613 Caring personal services,33534
K04000001,England and Wales,4,30km to less than 60km,76,621 Leisure and travel services,4799
K04000001,England and Wales,4,30km to less than 60km,77,622 Hairdressers and related services,5078
K04000001,England and Wales,4,30km to less than 60km,78,623 Housekeeping and related services,2920
K04000001,England and Wales,4,30km to less than 60km,79,624 Cleaning and housekeeping managers and supervisors,1429
K04000001,England and Wales,4,30km to less than 60km,80,625 Bed and breakfast and guest house owners and proprietors,75
K04000001,England and Wales,4,30km to less than 60km,81,631 Community and civil enforcement occupations,1091
K04000001,England and Wales,4,30km to less than 60km,82,711 Sales assistants and retail cashiers,29335
K04000001,England and Wales,4,30km to less than 60km,83,712 Sales related occupations,1557
K04000001,England and Wales,4,30km to less than 60km,84,713 Shopkeepers and sales supervisors,7544
K04000001,England and Wales,4,30km to less than 60km,85,721 Customer service occupations,7993
K04000001,England and Wales,4,30km to less than 60km,86,722 Customer service supervisors,497
K04000001,England and Wales,4,30km to less than 60km,87,811 Process operatives,10105
K04000001,England and Wales,4,30km to less than 60km,88,812 Metal working machine operatives,1782
K04000001,England and Wales,4,30km to less than 60km,89,813 Plant and machine operatives,3788
K04000001,England and Wales,4,30km to less than 60km,90,814 Assemblers and routine operatives,6874
K04000001,England and Wales,4,30km to less than 60km,91,815 Construction operatives,4915
K04000001,England and Wales,4,30km to less than 60km,92,"816 Production, factory and assembly supervisors",3004
K04000001,England and Wales,4,30km to less than 60km,93,821 Road transport drivers,26506
K04000001,England and Wales,4,30km to less than 60km,94,822 Mobile machine drivers and operatives,5620
K04000001,England and Wales,4,30km to less than 60km,95,823 Other drivers and transport operatives,4584
K04000001,England and Wales,4,30km to less than 60km,96,911 Elementary agricultural occupations,2359
K04000001,England and Wales,4,30km to less than 60km,97,912 Elementary construction occupations,5366
K04000001,England and Wales,4,30km to less than 60km,98,913 Elementary process plant occupations,8470
K04000001,England and Wales,4,30km to less than 60km,99,921 Elementary administration occupations,5516
K04000001,England and Wales,4,30km to less than 60km,100,922 Elementary cleaning occupations,13151
K04000001,England and Wales,4,30km to less than 60km,101,923 Elementary security occupations,8392
K04000001,England and Wales,4,30km to less than 60km,102,924 Elementary sales occupations,1703
K04000001,England and Wales,4,30km to less than 60km,103,925 Elementary storage occupations,18291
K04000001,England and Wales,4,30km to less than 60km,104,926 Other elementary services occupations,16754
K04000001,England and Wales,5,60km and over,-8,Does not apply,0
K04000001,England and Wales,5,60km and over,1,111 Chief executives and senior officials,2293
K04000001,England and Wales,5,60km and over,2,112 Production managers and directors,13624
K04000001,England and Wales,5,60km and over,3,113 Functional managers and directors,10231
K04000001,England and Wales,5,60km and over,4,"114 Directors in logistics, warehousing and transport",291
K04000001,England and Wales,5,60km and over,5,115 Managers and directors in retail and wholesale,7464
K04000001,England and Wales,5,60km and over,6,116 Senior officers in protective services,6640
K04000001,England and Wales,5,60km and over,7,117 Health and social services managers and directors,1901
K04000001,England and Wales,5,60km and over,8,121 Managers and proprietors in agriculture related services,513
K04000001,England and Wales,5,60km and over,9,122 Managers and proprietors in hospitality and leisure services,5250
K04000001,England and Wales,5,60km and over,10,123 Managers and proprietors in health and care services,1317
K04000001,England and Wales,5,60km and over,11,"124 Managers in logistics, warehousing and transport",3754
K04000001,England and Wales,5,60km and over,12,125 Managers and proprietors in other services,6405
K04000001,England and Wales,5,60km and over,13,211 Natural and social science professionals,2428
K04000001,England and Wales,5,60km and over,14,212 Engineering professionals,8197
K04000001,England and Wales,5,60km and over,15,213 Information technology professionals,5057
K04000001,England and Wales,5,60km and over,16,214 Web and multimedia design professionals,532
K04000001,England and Wales,5,60km and over,17,215 Conservation and environment professionals,425
K04000001,England and Wales,5,60km and over,18,216 Research and development (R&D) and other research professionals,1085
K04000001,England and Wales,5,60km and over,19,221 Medical practitioners,9905
K04000001,England and Wales,5,60km and over,20,222 Therapy professionals,2227
K04000001,England and Wales,5,60km and over,21,223 Nursing and midwifery professionals,8647
K04000001,England and Wales,5,60km and over,22,224 Veterinarians,468
K04000001,England and Wales,5,60km and over,23,225 Other health professionals,5482
K04000001,England and Wales,5,60km and over,24,231 Teaching and other educational professionals,9466
K04000001,England and Wales,5,60km and over,25,232 Other educational professionals,2129
K04000001,England and Wales,5,60km and over,26,241 Legal professionals,1808
K04000001,England and Wales,5,60km and over,27,242 Finance professionals,2120
K04000001,England and Wales,5,60km and over,28,"243 Business, research and administrative professionals",2939
K04000001,England and Wales,5,60km and over,29,244 Business and financial project management professionals,2333
K04000001,England and Wales,5,60km and over,30,"245 Architects, chartered architectural technologists, planning officers, surveyors and construction professionals",4177
K04000001,England and Wales,5,60km and over,31,246 Welfare professionals,1497
K04000001,England and Wales,5,60km and over,32,247 Librarians and related professionals,246
K04000001,England and Wales,5,60km and over,33,248 Quality and regulatory professionals,1683
K04000001,England and Wales,5,60km and over,34,249 Media professionals,915
K04000001,England and Wales,5,60km and over,35,"311 Science, engineering and production technicians",6324
K04000001,England and Wales,5,60km and over,36,"312 CAD, drawing and architectural technicians",561
K04000001,England and Wales,5,60km and over,37,313 Information technology technicians,2059
K04000001,England and Wales,5,60km and over,38,321 Health associate professionals,1477
K04000001,England and Wales,5,60km and over,39,322 Welfare and housing associate professionals,1562
K04000001,England and Wales,5,60km and over,40,323 Teaching and childcare associate professionals,1075
K04000001,England and Wales,5,60km and over,41,324 Veterinary nurses,294
K04000001,England and Wales,5,60km and over,42,331 Protective service occupations,28392
K04000001,England and Wales,5,60km and over,43,"341 Artistic, literary and media occupations",3523
K04000001,England and Wales,5,60km and over,44,342 Design occupations,629
K04000001,England and Wales,5,60km and over,45,343 Sports and fitness occupations,3811
K04000001,England and Wales,5,60km and over,46,351 Transport associate professionals,2563
K04000001,England and Wales,5,60km and over,47,352 Legal associate professionals,278
K04000001,England and Wales,5,60km and over,48,353 Finance associate professionals,1288
K04000001,England and Wales,5,60km and over,49,354 Business associate professionals,2327
K04000001,England and Wales,5,60km and over,50,"355 Sales, marketing and related associate professionals",7270
K04000001,England and Wales,5,60km and over,51,356 Public services associate professionals,270
K04000001,England and Wales,5,60km and over,52,"357 HR, training and other vocational associate guidance professionals",3253
K04000001,England and Wales,5,60km and over,53,358 Regulatory associate professionals,1565
K04000001,England and Wales,5,60km and over,54,411 Administrative occupations: Government and related organisations,3002
K04000001,England and Wales,5,60km and over,55,412 Administrative occupations: Finance,2488
K04000001,England and Wales,5,60km and over,56,413 Administrative occupations: Records,2902
K04000001,England and Wales,5,60km and over,57,414 Administrative occupations: Office managers and supervisors,1705
K04000001,England and Wales,5,60km and over,58,415 Other administrative occupations,3985
K04000001,England and Wales,5,60km and over,59,421 Secretarial and related occupations,3126
K04000001,England and Wales,5,60km and over,60,511 Agricultural and related trades,2259
K04000001,England and Wales,5,60km and over,61,"521 Metal forming, welding and related trades",1580
K04000001,England and Wales,5,60km and over,62,"522 Metal machining, fitting and instrument making trades",4596
K04000001,England and Wales,5,60km and over,63,523 Vehicle trades,5207
K04000001,England and Wales,5,60km and over,64,524 Electrical and electronic trades,5533
K04000001,England and Wales,5,60km and over,65,"525 Skilled metal, electrical and electronic trades supervisors",787
K04000001,England and Wales,5,60km and over,66,531 Construction and building trades,7741
K04000001,England and Wales,5,60km and over,67,532 Building finishing trades,1685
K04000001,England and Wales,5,60km and over,68,533 Construction and building trades supervisors,1942
K04000001,England and Wales,5,60km and over,69,541 Textiles and garments trades,512
K04000001,England and Wales,5,60km and over,70,542 Printing trades,404
K04000001,England and Wales,5,60km and over,71,543 Food preparation and hospitality trades,6939
K04000001,England and Wales,5,60km and over,72,544 Other skilled trades,788
K04000001,England and Wales,5,60km and over,73,611 Teaching and childcare support occupations,3425
K04000001,England and Wales,5,60km and over,74,612 Animal care and control services,1113
K04000001,England and Wales,5,60km and over,75,613 Caring personal services,15879
K04000001,England and Wales,5,60km and over,76,621 Leisure and travel services,4264
K04000001,England and Wales,5,60km and over,77,622 Hairdressers and related services,1870
K04000001,England and Wales,5,60km and over,78,623 Housekeeping and related services,1602
K04000001,England and Wales,5,60km and over,79,624 Cleaning and housekeeping managers and supervisors,807
K04000001,England and Wales,5,60km and over,80,625 Bed and breakfast and guest house owners and proprietors,62
K04000001,England and Wales,5,60km and over,81,631 Community and civil enforcement occupations,305
K04000001,England and Wales,5,60km and over,82,711 Sales assistants and retail cashiers,16025
K04000001,England and Wales,5,60km and over,83,712 Sales related occupations,680
K04000001,England and Wales,5,60km and over,84,713 Shopkeepers and sales supervisors,2598
K04000001,England and Wales,5,60km and over,85,721 Customer service occupations,3158
K04000001,England and Wales,5,60km and over,86,722 Customer service supervisors,153
K04000001,England and Wales,5,60km and over,87,811 Process operatives,2886
K04000001,England and Wales,5,60km and over,88,812 Metal working machine operatives,694
K04000001,England and Wales,5,60km and over,89,813 Plant and machine operatives,1384
K04000001,England and Wales,5,60km and over,90,814 Assemblers and routine operatives,2148
K04000001,England and Wales,5,60km and over,91,815 Construction operatives,3351
K04000001,England and Wales,5,60km and over,92,"816 Production, factory and assembly supervisors",736
K04000001,England and Wales,5,60km and over,93,821 Road transport drivers,11217
K04000001,England and Wales,5,60km and over,94,822 Mobile machine drivers and operatives,2753
K04000001,England and Wales,5,60km and over,95,823 Other drivers and transport operatives,2284
K04000001,England and Wales,5,60km and over,96,911 Elementary agricultural occupations,1014
K04000001,England and Wales,5,60km and over,97,912 Elementary construction occupations,3615
K04000001,England and Wales,5,60km and over,98,913 Elementary process plant occupations,3122
K04000001,England and Wales,5,60km and over,99,921 Elementary administration occupations,1594
K04000001,England and Wales,5,60km and over,100,922 Elementary cleaning occupations,9602
K04000001,England and Wales,5,60km and over,101,923 Elementary security occupations,4812
K04000001,England and Wales,5,60km and over,102,924 Elementary sales occupations,862
K04000001,England and Wales,5,60km and over,103,925 Elementary storage occupations,6134
K04000001,England and Wales,5,60km and over,104,926 Other elementary services occupations,13304
K04000001,England and Wales,6,Works mainly from home,-8,Does not apply,0
K04000001,England and Wales,6,Works mainly from home,1,111 Chief executives and senior officials,95305
K04000001,England and Wales,6,Works mainly from home,2,112 Production managers and directors,184445
K04000001,England and Wales,6,Works mainly from home,3,113 Functional managers and directors,712984
K04000001,England and Wales,6,Works mainly from home,4,"114 Directors in logistics, warehousing and transport",5610
K04000001,England and Wales,6,Works mainly from home,5,115 Managers and directors in retail and wholesale,111671
K04000001,England and Wales,6,Works mainly from home,6,116 Senior officers in protective services,12792
K04000001,England and Wales,6,Works mainly from home,7,117 Health and social services managers and directors,53341
K04000001,England and Wales,6,Works mainly from home,8,121 Managers and proprietors in agriculture related services,23873
K04000001,England and Wales,6,Works mainly from home,9,122 Managers and proprietors in hospitality and leisure services,87573
K04000001,England and Wales,6,Works mainly from home,10,123 Managers and proprietors in health and care services,15891
K04000001,England and Wales,6,Works mainly from home,11,"124 Managers in logistics, warehousing and transport",45127
K04000001,England and Wales,6,Works mainly from home,12,125 Managers and proprietors in other services,313625
K04000001,England and Wales,6,Works mainly from home,13,211 Natural and social science professionals,35525
K04000001,England and Wales,6,Works mainly from home,14,212 Engineering professionals,177707
K04000001,England and Wales,6,Works mainly from home,15,213 Information technology professionals,578726
K04000001,England and Wales,6,Works mainly from home,16,214 Web and multimedia design professionals,76905
K04000001,England and Wales,6,Works mainly from home,17,215 Conservation and environment professionals,27640
K04000001,England and Wales,6,Works mainly from home,18,216 Research and development (R&D) and other research professionals,57844
K04000001,England and Wales,6,Works mainly from home,19,221 Medical practitioners,23569
K04000001,England and Wales,6,Works mainly from home,20,222 Therapy professionals,65358
K04000001,England and Wales,6,Works mainly from home,21,223 Nursing and midwifery professionals,59089
K04000001,England and Wales,6,Works mainly from home,22,224 Veterinarians,2753
K04000001,England and Wales,6,Works mainly from home,23,225 Other health professionals,29898
K04000001,England and Wales,6,Works mainly from home,24,231 Teaching and other educational professionals,236070
K04000001,England and Wales,6,Works mainly from home,25,232 Other educational professionals,74487
K04000001,England and Wales,6,Works mainly from home,26,241 Legal professionals,163420
K04000001,England and Wales,6,Works mainly from home,27,242 Finance professionals,294275
K04000001,England and Wales,6,Works mainly from home,28,"243 Business, research and administrative professionals",278636
K04000001,England and Wales,6,Works mainly from home,29,244 Business and financial project management professionals,155227
K04000001,England and Wales,6,Works mainly from home,30,"245 Architects, chartered architectural technologists, planning officers, surveyors and construction professionals",100007
K04000001,England and Wales,6,Works mainly from home,31,246 Welfare professionals,87066
K04000001,England and Wales,6,Works mainly from home,32,247 Librarians and related professionals,9437
K04000001,England and Wales,6,Works mainly from home,33,248 Quality and regulatory professionals,83376
K04000001,England and Wales,6,Works mainly from home,34,249 Media professionals,122567
K04000001,England and Wales,6,Works mainly from home,35,"311 Science, engineering and production technicians",53531
K04000001,England and Wales,6,Works mainly from home,36,"312 CAD, drawing and architectural technicians",38960
K04000001,England and Wales,6,Works mainly from home,37,313 Information technology technicians,134846
K04000001,England and Wales,6,Works mainly from home,38,321 Health associate professionals,25363
K04000001,England and Wales,6,Works mainly from home,39,322 Welfare and housing associate professionals,126761
K04000001,England and Wales,6,Works mainly from home,40,323 Teaching and childcare associate professionals,16986
K04000001,England and Wales,6,Works mainly from home,41,324 Veterinary nurses,1653
K04000001,England and Wales,6,Works mainly from home,42,331 Protective service occupations,73568
K04000001,England and Wales,6,Works mainly from home,43,"341 Artistic, literary and media occupations",215734
K04000001,England and Wales,6,Works mainly from home,44,342 Design occupations,44105
K04000001,England and Wales,6,Works mainly from home,45,343 Sports and fitness occupations,42487
K04000001,England and Wales,6,Works mainly from home,46,351 Transport associate professionals,5265
K04000001,England and Wales,6,Works mainly from home,47,352 Legal associate professionals,29719
K04000001,England and Wales,6,Works mainly from home,48,353 Finance associate professionals,136480
K04000001,England and Wales,6,Works mainly from home,49,354 Business associate professionals,186359
K04000001,England and Wales,6,Works mainly from home,50,"355 Sales, marketing and related associate professionals",454607
K04000001,England and Wales,6,Works mainly from home,51,356 Public services associate professionals,22882
K04000001,England and Wales,6,Works mainly from home,52,"357 HR, training and other vocational associate guidance professionals",185297
K04000001,England and Wales,6,Works mainly from home,53,358 Regulatory associate professionals,32947
K04000001,England and Wales,6,Works mainly from home,54,411 Administrative occupations: Government and related organisations,183884
K04000001,England and Wales,6,Works mainly from home,55,412 Administrative occupations: Finance,278064
K04000001,England and Wales,6,Works mainly from home,56,413 Administrative occupations: Records,129576
K04000001,England and Wales,6,Works mainly from home,57,414 Administrative occupations: Office managers and supervisors,104675
K04000001,England and Wales,6,Works mainly from home,58,415 Other administrative occupations,294960
K04000001,England and Wales,6,Works mainly from home,59,421 Secretarial and related occupations,197836
K04000001,England and Wales,6,Works mainly from home,60,511 Agricultural and related trades,76859
K04000001,England and Wales,6,Works mainly from home,61,"521 Metal forming, welding and related trades",3153
K04000001,England and Wales,6,Works mainly from home,62,"522 Metal machining, fitting and instrument making trades",14847
K04000001,England and Wales,6,Works mainly from home,63,523 Vehicle trades,15158
K04000001,England and Wales,6,Works mainly from home,64,524 Electrical and electronic trades,40096
K04000001,England and Wales,6,Works mainly from home,65,"525 Skilled metal, electrical and electronic trades supervisors",3071
K04000001,England and Wales,6,Works mainly from home,66,531 Construction and building trades,22695
K04000001,England and Wales,6,Works mainly from home,67,532 Building finishing trades,4559
K04000001,England and Wales,6,Works mainly from home,68,533 Construction and building trades supervisors,5258
K04000001,England and Wales,6,Works mainly from home,69,541 Textiles and garments trades,9510
K04000001,England and Wales,6,Works mainly from home,70,542 Printing trades,4868
K04000001,England and Wales,6,Works mainly from home,71,543 Food preparation and hospitality trades,34798
K04000001,England and Wales,6,Works mainly from home,72,544 Other skilled trades,18180
K04000001,England and Wales,6,Works mainly from home,73,611 Teaching and childcare support occupations,68742
K04000001,England and Wales,6,Works mainly from home,74,612 Animal care and control services,16647
K04000001,England and Wales,6,Works mainly from home,75,613 Caring personal services,119471
K04000001,England and Wales,6,Works mainly from home,76,621 Leisure and travel services,26704
K04000001,England and Wales,6,Works mainly from home,77,622 Hairdressers and related services,41859
K04000001,England and Wales,6,Works mainly from home,78,623 Housekeeping and related services,11712
K04000001,England and Wales,6,Works mainly from home,79,624 Cleaning and housekeeping managers and supervisors,3943
K04000001,England and Wales,6,Works mainly from home,80,625 Bed and breakfast and guest house owners and proprietors,5922
K04000001,England and Wales,6,Works mainly from home,81,631 Community and civil enforcement occupations,2929
K04000001,England and Wales,6,Works mainly from home,82,711 Sales assistants and retail cashiers,106863
K04000001,England and Wales,6,Works mainly from home,83,712 Sales related occupations,22620
K04000001,England and Wales,6,Works mainly from home,84,713 Shopkeepers and sales supervisors,67088
K04000001,England and Wales,6,Works mainly from home,85,721 Customer service occupations,199303
K04000001,England and Wales,6,Works mainly from home,86,722 Customer service supervisors,7561
K04000001,England and Wales,6,Works mainly from home,87,811 Process operatives,12921
K04000001,England and Wales,6,Works mainly from home,88,812 Metal working machine operatives,4129
K04000001,England and Wales,6,Works mainly from home,89,813 Plant and machine operatives,7456
K04000001,England and Wales,6,Works mainly from home,90,814 Assemblers and routine operatives,19091
K04000001,England and Wales,6,Works mainly from home,91,815 Construction operatives,8756
K04000001,England and Wales,6,Works mainly from home,92,"816 Production, factory and assembly supervisors",4550
K04000001,England and Wales,6,Works mainly from home,93,821 Road transport drivers,73424
K04000001,England and Wales,6,Works mainly from home,94,822 Mobile machine drivers and operatives,4841
K04000001,England and Wales,6,Works mainly from home,95,823 Other drivers and transport operatives,13000
K04000001,England and Wales,6,Works mainly from home,96,911 Elementary agricultural occupations,8207
K04000001,England and Wales,6,Works mainly from home,97,912 Elementary construction occupations,5801
K04000001,England and Wales,6,Works mainly from home,98,913 Elementary process plant occupations,8954
K04000001,England and Wales,6,Works mainly from home,99,921 Elementary administration occupations,17621
K04000001,England and Wales,6,Works mainly from home,100,922 Elementary cleaning occupations,33783
K04000001,England and Wales,6,Works mainly from home,101,923 Elementary security occupations,16980
K04000001,England and Wales,6,Works mainly from home,102,924 Elementary sales occupations,2912
K04000001,England and Wales,6,Works mainly from home,103,925 Elementary storage occupations,23036
K04000001,England and Wales,6,Works mainly from home,104,926 Other elementary services occupations,33487
K04000001,England and Wales,7,"Works mainly at an offshore installation, in no fixed place, or outside the UK",-8,Does not apply,0
K04000001,England and Wales,7,"Works mainly at an offshore installation, in no fixed place, or outside the UK",1,111 Chief executives and senior officials,6139
K04000001,England and Wales,7,"Works mainly at an offshore installation, in no fixed place, or outside the UK",2,112 Production managers and directors,142167
K04000001,England and Wales,7,"Works mainly at an offshore installation, in no fixed place, or outside the UK",3,113 Functional managers and directors,31509
K04000001,England and Wales,7,"Works mainly at an offshore installation, in no fixed place, or outside the UK",4,"114 Directors in logistics, warehousing and transport",3138
K04000001,England and Wales,7,"Works mainly at an offshore installation, in no fixed place, or outside the UK",5,115 Managers and directors in retail and wholesale,26801
K04000001,England and Wales,7,"Works mainly at an offshore installation, in no fixed place, or outside the UK",6,116 Senior officers in protective services,3853
K04000001,England and Wales,7,"Works mainly at an offshore installation, in no fixed place, or outside the UK",7,117 Health and social services managers and directors,4678
K04000001,England and Wales,7,"Works mainly at an offshore installation, in no fixed place, or outside the UK",8,121 Managers and proprietors in agriculture related services,12091
K04000001,England and Wales,7,"Works mainly at an offshore installation, in no fixed place, or outside the UK",9,122 Managers and proprietors in hospitality and leisure services,19684
K04000001,England and Wales,7,"Works mainly at an offshore installation, in no fixed place, or outside the UK",10,123 Managers and proprietors in health and care services,3635
K04000001,England and Wales,7,"Works mainly at an offshore installation, in no fixed place, or outside the UK",11,"124 Managers in logistics, warehousing and transport",17013
K04000001,England and Wales,7,"Works mainly at an offshore installation, in no fixed place, or outside the UK",12,125 Managers and proprietors in other services,60365
K04000001,England and Wales,7,"Works mainly at an offshore installation, in no fixed place, or outside the UK",13,211 Natural and social science professionals,6217
K04000001,England and Wales,7,"Works mainly at an offshore installation, in no fixed place, or outside the UK",14,212 Engineering professionals,56499
K04000001,England and Wales,7,"Works mainly at an offshore installation, in no fixed place, or outside the UK",15,213 Information technology professionals,17916
K04000001,England and Wales,7,"Works mainly at an offshore installation, in no fixed place, or outside the UK",16,214 Web and multimedia design professionals,2619
K04000001,England and Wales,7,"Works mainly at an offshore installation, in no fixed place, or outside the UK",17,215 Conservation and environment professionals,3526
K04000001,England and Wales,7,"Works mainly at an offshore installation, in no fixed place, or outside the UK",18,216 Research and development (R&D) and other research professionals,1455
K04000001,England and Wales,7,"Works mainly at an offshore installation, in no fixed place, or outside the UK",19,221 Medical practitioners,6222
K04000001,England and Wales,7,"Works mainly at an offshore installation, in no fixed place, or outside the UK",20,222 Therapy professionals,9961
K04000001,England and Wales,7,"Works mainly at an offshore installation, in no fixed place, or outside the UK",21,223 Nursing and midwifery professionals,34151
K04000001,England and Wales,7,"Works mainly at an offshore installation, in no fixed place, or outside the UK",22,224 Veterinarians,1977
K04000001,England and Wales,7,"Works mainly at an offshore installation, in no fixed place, or outside the UK",23,225 Other health professionals,16166
K04000001,England and Wales,7,"Works mainly at an offshore installation, in no fixed place, or outside the UK",24,231 Teaching and other educational professionals,28716
K04000001,England and Wales,7,"Works mainly at an offshore installation, in no fixed place, or outside the UK",25,232 Other educational professionals,4924
K04000001,England and Wales,7,"Works mainly at an offshore installation, in no fixed place, or outside the UK",26,241 Legal professionals,6418
K04000001,England and Wales,7,"Works mainly at an offshore installation, in no fixed place, or outside the UK",27,242 Finance professionals,6938
K04000001,England and Wales,7,"Works mainly at an offshore installation, in no fixed place, or outside the UK",28,"243 Business, research and administrative professionals",8220
K04000001,England and Wales,7,"Works mainly at an offshore installation, in no fixed place, or outside the UK",29,244 Business and financial project management professionals,9435
K04000001,England and Wales,7,"Works mainly at an offshore installation, in no fixed place, or outside the UK",30,"245 Architects, chartered architectural technologists, planning officers, surveyors and construction professionals",29788
K04000001,England and Wales,7,"Works mainly at an offshore installation, in no fixed place, or outside the UK",31,246 Welfare professionals,8067
K04000001,England and Wales,7,"Works mainly at an offshore installation, in no fixed place, or outside the UK",32,247 Librarians and related professionals,678
K04000001,England and Wales,7,"Works mainly at an offshore installation, in no fixed place, or outside the UK",33,248 Quality and regulatory professionals,4406
K04000001,England and Wales,7,"Works mainly at an offshore installation, in no fixed place, or outside the UK",34,249 Media professionals,3762
K04000001,England and Wales,7,"Works mainly at an offshore installation, in no fixed place, or outside the UK",35,"311 Science, engineering and production technicians",27469
K04000001,England and Wales,7,"Works mainly at an offshore installation, in no fixed place, or outside the UK",36,"312 CAD, drawing and architectural technicians",1885
K04000001,England and Wales,7,"Works mainly at an offshore installation, in no fixed place, or outside the UK",37,313 Information technology technicians,8762
K04000001,England and Wales,7,"Works mainly at an offshore installation, in no fixed place, or outside the UK",38,321 Health associate professionals,10273
K04000001,England and Wales,7,"Works mainly at an offshore installation, in no fixed place, or outside the UK",39,322 Welfare and housing associate professionals,13724
K04000001,England and Wales,7,"Works mainly at an offshore installation, in no fixed place, or outside the UK",40,323 Teaching and childcare associate professionals,4737
K04000001,England and Wales,7,"Works mainly at an offshore installation, in no fixed place, or outside the UK",41,324 Veterinary nurses,443
K04000001,England and Wales,7,"Works mainly at an offshore installation, in no fixed place, or outside the UK",42,331 Protective service occupations,30805
K04000001,England and Wales,7,"Works mainly at an offshore installation, in no fixed place, or outside the UK",43,"341 Artistic, literary and media occupations",67349
K04000001,England and Wales,7,"Works mainly at an offshore installation, in no fixed place, or outside the UK",44,342 Design occupations,5045
K04000001,England and Wales,7,"Works mainly at an offshore installation, in no fixed place, or outside the UK",45,343 Sports and fitness occupations,27123
K04000001,England and Wales,7,"Works mainly at an offshore installation, in no fixed place, or outside the UK",46,351 Transport associate professionals,9631
K04000001,England and Wales,7,"Works mainly at an offshore installation, in no fixed place, or outside the UK",47,352 Legal associate professionals,1054
K04000001,England and Wales,7,"Works mainly at an offshore installation, in no fixed place, or outside the UK",48,353 Finance associate professionals,3844
K04000001,England and Wales,7,"Works mainly at an offshore installation, in no fixed place, or outside the UK",49,354 Business associate professionals,11859
K04000001,England and Wales,7,"Works mainly at an offshore installation, in no fixed place, or outside the UK",50,"355 Sales, marketing and related associate professionals",51615
K04000001,England and Wales,7,"Works mainly at an offshore installation, in no fixed place, or outside the UK",51,356 Public services associate professionals,1306
K04000001,England and Wales,7,"Works mainly at an offshore installation, in no fixed place, or outside the UK",52,"357 HR, training and other vocational associate guidance professionals",15423
K04000001,England and Wales,7,"Works mainly at an offshore installation, in no fixed place, or outside the UK",53,358 Regulatory associate professionals,11785
K04000001,England and Wales,7,"Works mainly at an offshore installation, in no fixed place, or outside the UK",54,411 Administrative occupations: Government and related organisations,9106
K04000001,England and Wales,7,"Works mainly at an offshore installation, in no fixed place, or outside the UK",55,412 Administrative occupations: Finance,11994
K04000001,England and Wales,7,"Works mainly at an offshore installation, in no fixed place, or outside the UK",56,413 Administrative occupations: Records,15698
K04000001,England and Wales,7,"Works mainly at an offshore installation, in no fixed place, or outside the UK",57,414 Administrative occupations: Office managers and supervisors,6075
K04000001,England and Wales,7,"Works mainly at an offshore installation, in no fixed place, or outside the UK",58,415 Other administrative occupations,20152
K04000001,England and Wales,7,"Works mainly at an offshore installation, in no fixed place, or outside the UK",59,421 Secretarial and related occupations,14966
K04000001,England and Wales,7,"Works mainly at an offshore installation, in no fixed place, or outside the UK",60,511 Agricultural and related trades,141415
K04000001,England and Wales,7,"Works mainly at an offshore installation, in no fixed place, or outside the UK",61,"521 Metal forming, welding and related trades",21261
K04000001,England and Wales,7,"Works mainly at an offshore installation, in no fixed place, or outside the UK",62,"522 Metal machining, fitting and instrument making trades",67181
K04000001,England and Wales,7,"Works mainly at an offshore installation, in no fixed place, or outside the UK",63,523 Vehicle trades,38693
K04000001,England and Wales,7,"Works mainly at an offshore installation, in no fixed place, or outside the UK",64,524 Electrical and electronic trades,217841
K04000001,England and Wales,7,"Works mainly at an offshore installation, in no fixed place, or outside the UK",65,"525 Skilled metal, electrical and electronic trades supervisors",6082
K04000001,England and Wales,7,"Works mainly at an offshore installation, in no fixed place, or outside the UK",66,531 Construction and building trades,598742
K04000001,England and Wales,7,"Works mainly at an offshore installation, in no fixed place, or outside the UK",67,532 Building finishing trades,192271
K04000001,England and Wales,7,"Works mainly at an offshore installation, in no fixed place, or outside the UK",68,533 Construction and building trades supervisors,26758
K04000001,England and Wales,7,"Works mainly at an offshore installation, in no fixed place, or outside the UK",69,541 Textiles and garments trades,4753
K04000001,England and Wales,7,"Works mainly at an offshore installation, in no fixed place, or outside the UK",70,542 Printing trades,2054
K04000001,England and Wales,7,"Works mainly at an offshore installation, in no fixed place, or outside the UK",71,543 Food preparation and hospitality trades,37663
K04000001,England and Wales,7,"Works mainly at an offshore installation, in no fixed place, or outside the UK",72,544 Other skilled trades,10590
K04000001,England and Wales,7,"Works mainly at an offshore installation, in no fixed place, or outside the UK",73,611 Teaching and childcare support occupations,20548
K04000001,England and Wales,7,"Works mainly at an offshore installation, in no fixed place, or outside the UK",74,612 Animal care and control services,26963
K04000001,England and Wales,7,"Works mainly at an offshore installation, in no fixed place, or outside the UK",75,613 Caring personal services,267809
K04000001,England and Wales,7,"Works mainly at an offshore installation, in no fixed place, or outside the UK",76,621 Leisure and travel services,16662
K04000001,England and Wales,7,"Works mainly at an offshore installation, in no fixed place, or outside the UK",77,622 Hairdressers and related services,50443
K04000001,England and Wales,7,"Works mainly at an offshore installation, in no fixed place, or outside the UK",78,623 Housekeeping and related services,16082
K04000001,England and Wales,7,"Works mainly at an offshore installation, in no fixed place, or outside the UK",79,624 Cleaning and housekeeping managers and supervisors,8566
K04000001,England and Wales,7,"Works mainly at an offshore installation, in no fixed place, or outside the UK",80,625 Bed and breakfast and guest house owners and proprietors,331
K04000001,England and Wales,7,"Works mainly at an offshore installation, in no fixed place, or outside the UK",81,631 Community and civil enforcement occupations,3437
K04000001,England and Wales,7,"Works mainly at an offshore installation, in no fixed place, or outside the UK",82,711 Sales assistants and retail cashiers,47837
K04000001,England and Wales,7,"Works mainly at an offshore installation, in no fixed place, or outside the UK",83,712 Sales related occupations,15311
K04000001,England and Wales,7,"Works mainly at an offshore installation, in no fixed place, or outside the UK",84,713 Shopkeepers and sales supervisors,15871
K04000001,England and Wales,7,"Works mainly at an offshore installation, in no fixed place, or outside the UK",85,721 Customer service occupations,14752
K04000001,England and Wales,7,"Works mainly at an offshore installation, in no fixed place, or outside the UK",86,722 Customer service supervisors,858
K04000001,England and Wales,7,"Works mainly at an offshore installation, in no fixed place, or outside the UK",87,811 Process operatives,16611
K04000001,England and Wales,7,"Works mainly at an offshore installation, in no fixed place, or outside the UK",88,812 Metal working machine operatives,5917
K04000001,England and Wales,7,"Works mainly at an offshore installation, in no fixed place, or outside the UK",89,813 Plant and machine operatives,17990
K04000001,England and Wales,7,"Works mainly at an offshore installation, in no fixed place, or outside the UK",90,814 Assemblers and routine operatives,18227
K04000001,England and Wales,7,"Works mainly at an offshore installation, in no fixed place, or outside the UK",91,815 Construction operatives,101070
K04000001,England and Wales,7,"Works mainly at an offshore installation, in no fixed place, or outside the UK",92,"816 Production, factory and assembly supervisors",3851
K04000001,England and Wales,7,"Works mainly at an offshore installation, in no fixed place, or outside the UK",93,821 Road transport drivers,440089
K04000001,England and Wales,7,"Works mainly at an offshore installation, in no fixed place, or outside the UK",94,822 Mobile machine drivers and operatives,39925
K04000001,England and Wales,7,"Works mainly at an offshore installation, in no fixed place, or outside the UK",95,823 Other drivers and transport operatives,16492
K04000001,England and Wales,7,"Works mainly at an offshore installation, in no fixed place, or outside the UK",96,911 Elementary agricultural occupations,14624
K04000001,England and Wales,7,"Works mainly at an offshore installation, in no fixed place, or outside the UK",97,912 Elementary construction occupations,112916
K04000001,England and Wales,7,"Works mainly at an offshore installation, in no fixed place, or outside the UK",98,913 Elementary process plant occupations,21723
K04000001,England and Wales,7,"Works mainly at an offshore installation, in no fixed place, or outside the UK",99,921 Elementary administration occupations,18594
K04000001,England and Wales,7,"Works mainly at an offshore installation, in no fixed place, or outside the UK",100,922 Elementary cleaning occupations,201132
K04000001,England and Wales,7,"Works mainly at an offshore installation, in no fixed place, or outside the UK",101,923 Elementary security occupations,36340
K04000001,England and Wales,7,"Works mainly at an offshore installation, in no fixed place, or outside the UK",102,924 Elementary sales occupations,3324
K04000001,England and Wales,7,"Works mainly at an offshore installation, in no fixed place, or outside the UK",103,925 Elementary storage occupations,45101
K04000001,England and Wales,7,"Works mainly at an offshore installation, in no fixed place, or outside the UK",104,926 Other elementary services occupations,40999
