,transaction_unique_identifier,price,date_of_transfer,postcode,property_type,new_build_flag,tenure_type,primary_addressable_object_name,secondary_addressable_object_name,street,locality,town_city,district,county,ppd_category_type,record_status,db_id,housenumber,level,geometry,wheelchair,source,name,addr:street,building,tourism,height,man_made,amenity,brand,brand:wikidata,brand:wikipedia,operator,operator:wikidata,check_date,learning,note,access,fee,opening_hours,office,website,addr:housename,historic,ref,addr:city,description,power,addr:flats,phone,shop,capacity,layer,addr:unit,fixme,start_date,substation,disused:name,highway,wikidata,wikipedia,female,male,wikimedia_commons,fhrs:id,unisex,contact:website,nodes,source_ref,building:levels,loc_name,name:zh,denomination,religion,operator:type,alt_name,source:geometry,landuse,service_times,url,leisure,sport,name:ar,name:ca,name:de,name:el,name:en,name:es,name:fr,name:ga,name:nl,name:pnb,name:pt,name:ru,name:sv,name:uk,name:vi,old_name,short_name,roof:levels,official_name,tower:type,ref:dove,source:name,contact:facebook,contact:instagram,contact:twitter,contact:youtube,email,internet_access,internet_access:fee,toilets:wheelchair,old_amenity,old_denomination,old_religion,building:material,roof:material,roof:shape,bridge,bridge:structure,building:min_level,owner,theatre:genre,theatre:type,stars,place_of_worship:type,nohousenumber,real_ale,government,food,int_name,club,addr:interpolation,contact:phone,healthcare,social_facility,social_facility:for,contact:email,contact:fax,beer_garden,brewery,dog,garden,opening_hours:kitchen,name:etymology:wikidata,name:etymology:wikipedia,building:use,disused:shop,cuisine,house,ref:pol_id,was:amenity,source:addr:postcode,dispensing,drive_through,screen,source:addr,main_site,note:name,healthcare:speciality,was:operator,beauty,charity,second_hand,delivery,takeaway,urk,dailyinfo:venue_id,disused:amenity,outdoor_seating,area,toilets,changing_table,changing_table:location,heritage,architect,addr:country,building:levels:underground,note:2,note:building:levels,museum,roof:height,roof:colour,type,is_in,listed_building,bar,rooms,indoor_seating,lgbtq,level:min,room,Site:use,Site:use:1,Site:use:2,name:cy,organisation:affiliation:National,organisation:affiliation:region,location,building:colour,disused:wikidata,disused:wikipedia,alignment_note,roof:orientation,name:ja,disused:note,disused:social_facility,alt_name_1,alt_name_2,tower:construction,noaddress,atm,historic:website,disabled,fhrs:name,note 2,building:levels:underground:note,building:part,website_1,air_conditioning,payment:cash,payment:credit_cards,payment:debit_cards,internet_access:operator,internet_access:ssid,disused,diocese,heritage:operator,heritage:website,listed_status,name:it,ref:GB:nhle,year_of_construction,min_age,cocktails,disused:office,branch,diet:halal,diet:kosher,diet:vegetarian,smoking,toilets:disposal,construction,opening_date,ways,name:ba,name:be,name:bg,name:bn,name:br,name:cs,name:cv,name:da,name:et,name:eu,name:fa,name:fi,name:fy,name:gl,name:he,name:hy,name:id,name:ko,name:la,name:ms,name:my,name:no,name:pl,name:sl,name:sr,name:tr,name:ur,name:vec,name:yi,toilets:access,diet:vegan,max_age,ref:GB:uprn,ref:edubase,school:boarding,school:gender,school:selective,school:trust,school:type,telecom,townhall:type,fax,payment:american_express,payment:mastercard,payment:unionpay,payment:visa,latitude,longitude,osm_house_range
0,{B0A9D11C-12DD-4C1F-E053-6C04A8C0D716},6830690,2020-08-10,ox1 1et,O,N,F,44,,QUEEN STREET,,OXFORD,OXFORD,OXFORDSHIRE,B,A,11678310,44,,"POLYGON ((-1.2583147 51.7518342, -1.2582835 51.7518452, -1.2582277 51.7518601, -1.2582878 51.7519611, -1.2583051 51.7519951, -1.2583939 51.7519769, -1.2583794 51.7519503, -1.2583147 51.7518342))",,local_knowledge,Nationwide,Queen Street,yes,,,,bank,Nationwide,Q846735,en:Nationwide Building Society,Nationwide,,2024-09-02,,,,,"Mo-Fr 9:00-17:00, Sa 9:00-15:00",,https://www.nationwide.co.uk/branches/oxford/44-queen-street,,,,Oxford,,,,+44 345 266 0351,,,,,,,,,,,,,,,,,,"[3167027325, 8634455557, 3167027334, 3167027337, 3167027328, 3167027329, 3167027320, 3167027325]",,,,,,,,,,,,,,,,,,,,,,,,,,,,,,,,,,,,,,,,,,,,,,,,,,,,,,,,,,,,,,,,,,,,,,,,,,,,,,,,,,,,,,,no,,,,,,,,,,,,,,,,,,,,,,,,,,,,,,,,,,,,,,,,,,,,,,,,,,,,,,,,,yes,,,,,,,,,,,,,,,,,,,,,,,,,,,,,,,,,,,,,,,,,,,,,,,,,,,,,,,,,,,,,,,,,,,,,,,,,,,,,,,,51.75191632765603,-1.258311223315211,44
1,{21E5FEB6-8A43-2439-E050-A8C06205342E},7500,2013-10-25,ox1 1hh,O,N,L,"THE DUKE'S CUT, 1",,PARK END STREET,,OXFORD,OXFORD,OXFORDSHIRE,B,A,4350456,1,,"POLYGON ((-1.2646529 51.7528692, -1.2645817 51.7528689, -1.2645817 51.7528743, -1.2644848 51.7528839, -1.2644032 51.752878, -1.2642922 51.7528681, -1.264267 51.7529248, -1.2644673 51.7529595, -1.2644817 51.7529234, -1.2645796 51.7529258, -1.2645796 51.7529509, -1.264652 51.7529509, -1.2646529 51.7528692))",,survey,The Lighthouse,Park End Street,yes,,,,pub,,,,,,,,,,,,,,,,,Oxford,,,,,,,,,,,,,,,,,,,777807,,,"[1083936950, 2961038939, 2961038940, 2961038941, 2961103326, 1083937349, 1083937468, 1083936939, 2961038942, 2961038943, 2961038944, 2961038945, 1083936950]",,,,,,,,,,,,,,,,,,,,,,,,,,,,,,The Duke's Cut,,,,,,,,,,,,,,,,,,,,,,,,,,,,,,,,yes,,,,,,,,,,,,,,,,,,,,,,,,,,,,,,,,,,,,,,,,,,,,,,,,,,,,,,,,,,,,,,,,,,,,,,,,,,,,,,,,,,,,,,,,,,,,,,,,,,,,,,,,,,,,,,,,,,,,,,,,,,,,,,,,,,,,,,,,,,,,,,,,,,,,,,,,,,,,,,,,,,51.75290874769501,-1.2644684590477109,1
2,{06C9F488-1602-9388-E063-4804A8C0BD98},1500000,2022-12-19,ox1 1hh,O,N,F,"THE LIGHTHOUSE, 1",,PARK END STREET,,OXFORD,OXFORD,OXFORDSHIRE,B,A,13515395,1,,"POLYGON ((-1.2646529 51.7528692, -1.2645817 51.7528689, -1.2645817 51.7528743, -1.2644848 51.7528839, -1.2644032 51.752878, -1.2642922 51.7528681, -1.264267 51.7529248, -1.2644673 51.7529595, -1.2644817 51.7529234, -1.2645796 51.7529258, -1.2645796 51.7529509, -1.264652 51.7529509, -1.2646529 51.7528692))",,survey,The Lighthouse,Park End Street,yes,,,,pub,,,,,,,,,,,,,,,,,Oxford,,,,,,,,,,,,,,,,,,,777807,,,"[1083936950, 2961038939, 2961038940, 2961038941, 2961103326, 1083937349, 1083937468, 1083936939, 2961038942, 2961038943, 2961038944, 2961038945, 1083936950]",,,,,,,,,,,,,,,,,,,,,,,,,,,,,,The Duke's Cut,,,,,,,,,,,,,,,,,,,,,,,,,,,,,,,,yes,,,,,,,,,,,,,,,,,,,,,,,,,,,,,,,,,,,,,,,,,,,,,,,,,,,,,,,,,,,,,,,,,,,,,,,,,,,,,,,,,,,,,,,,,,,,,,,,,,,,,,,,,,,,,,,,,,,,,,,,,,,,,,,,,,,,,,,,,,,,,,,,,,,,,,,,,,,,,,,,,,51.75290874769501,-1.2644684590477109,1
3,{21E5FEB6-E705-2439-E050-A8C06205342E},5100000,2014-10-28,ox1 1ld,O,N,F,"UNITHER HOUSE, 15",,PARADISE STREET,,OXFORD,OXFORD,OXFORDSHIRE,B,A,5540031,15,,"POLYGON ((-1.2644239 51.7515165, -1.2642712 51.7515365, -1.2641764 51.7515697, -1.2640227 51.7515705, -1.263894 51.7514515, -1.2638976 51.7514319, -1.2639311 51.7513941, -1.2641668 51.7512905, -1.2642574 51.7512515, -1.2643222 51.7512388, -1.2644239 51.7515165))",,,Courtyard Oxford City Centre,Paradise Street,yes,hotel,,,,Courtyard,Q1053170,en:Courtyard by Marriott,Marriott,,,,,,,,,,Courtyard,,,Oxford,,,,,,,,,,,,,,,,,,,1205744,,,"[5622613212, 5622613213, 5622613214, 5622613215, 12076917429, 8702073296, 8895087911, 8895087910, 8702073295, 5622613216, 5622613212]",,,,,,,,,,,,,,,,,,,,,,,,,,,,,,,,,Courtyard by Marriott,,,,,,,,,wlan,no,,,,,,,,,,,,,,,,,,,,,,,,,,,,,,,,,,,,,,,,,,,,,,,,,,,,,,,,,,,,,,,,,,,,,,,,,,,,,,,,,,,,,,,,,,,,,,,,,,,,,,,,,,,,,yes,yes,yes,yes,,,,,,,,,,,,,,,,,,,,,,,,,,,,,,,,,,,,,,,,,,,,,,,,,,,,,,,,,,,,,,,,,,,,,51.75142729595236,-1.2641734229716082,15
4,{453D27A3-E8D9-EF91-E050-A8C0630574D7},602000,2016-11-15,ox1 1ld,O,N,F,24,,PARADISE STREET,,OXFORD,OXFORD,OXFORDSHIRE,B,A,7237407,24,,"POLYGON ((-1.2619309 51.750637, -1.2618939 51.7507513, -1.2619114 51.7507619, -1.2620047 51.7507702, -1.262027 51.7506461, -1.2619309 51.750637))",no,,The Castle,Paradise Street,yes,,,,pub,,,,Hook Norton Brewery,,,,,,,,,,,,,Oxford,,,,+44 1865 201510,,,,,,,,,,,,,,,1669031;1437894,,,"[2265730927, 2265730987, 2265730950, 2265730965, 2265730946, 2265730927]",,,,,,,,,,,,,,,,,,,,,,,,,,,,,,,,,,,,,,,,,,,,no,,,,,,,,,,,,,,,,,,,,,,,,,,,,,,,,,,,,,,,,,,,,,,,,,,,,,,,,,,,,,,,,,,,,,,,,,,,,,,,,,,,,,,,,,,,,,,,,,,,,,,,,,,,,,,,,,,,,,,,,,,,,,,,,,,,,,,,,,,,,,,,,,,,,,,,,,,,,,,,,,,,,,,,,,,,,,,,,,,,,51.75070468422961,-1.2619633910022157,24
5,{4E95D757-BB52-EDA1-E050-A8C0630539E2},930000,2016-12-19,ox1 1ld,F,N,L,"THE OLD MALTHOUSE, 19A",FLAT 1,PARADISE STREET,,OXFORD,OXFORD,OXFORDSHIRE,A,A,7525684,19,,"POLYGON ((-1.2630271 51.7506898, -1.2628366 51.7507596, -1.2628876 51.7508044, -1.2630727 51.7507347, -1.2630271 51.7506898))",,,Fellowship of Reconciliation,Paradise Street,house,,,,,,,,Fellowship of Reconciliation,,,,,,,,association,https://for.org.uk/,Peace House,,,Oxford,,,,,,,,,,,,,,,,,,,,,,"[2265730938, 2265731010, 2265730981, 2265731082, 2265730938]",,,,,,,,,,,,,,,,,,,,,,,,,,,,,,,,,,,,,,,,,,,,,,,,,,,,,,,,,,,,,,,,,,,,,,,,,,,,,,,,,,,,,,,,,,,,,,,,,,,,,,,,,,,,,,,,,,,,,,,,,,,,,,,,,,,,,,,,,,,,,,,,,,,,,,,,,,,,,,,,,,,,,,,,,,,,,,,,,,,,,,,,,,,,,,,,,,,,,,,,,,,,,,,,,,,,,,,,,,,,,,,,51.750747223109414,-1.2629554407176036,19
6,{50F18103-69DE-9FD5-E050-A8C063054923},975000,2017-01-12,ox1 1ld,F,N,L,"THE OLD MALTHOUSE, 19A",FLAT 2,PARADISE STREET,,OXFORD,OXFORD,OXFORDSHIRE,A,A,8857086,19,,"POLYGON ((-1.2630271 51.7506898, -1.2628366 51.7507596, -1.2628876 51.7508044, -1.2630727 51.7507347, -1.2630271 51.7506898))",,,Fellowship of Reconciliation,Paradise Street,house,,,,,,,,Fellowship of Reconciliation,,,,,,,,association,https://for.org.uk/,Peace House,,,Oxford,,,,,,,,,,,,,,,,,,,,,,"[2265730938, 2265731010, 2265730981, 2265731082, 2265730938]",,,,,,,,,,,,,,,,,,,,,,,,,,,,,,,,,,,,,,,,,,,,,,,,,,,,,,,,,,,,,,,,,,,,,,,,,,,,,,,,,,,,,,,,,,,,,,,,,,,,,,,,,,,,,,,,,,,,,,,,,,,,,,,,,,,,,,,,,,,,,,,,,,,,,,,,,,,,,,,,,,,,,,,,,,,,,,,,,,,,,,,,,,,,,,,,,,,,,,,,,,,,,,,,,,,,,,,,,,,,,,,,51.750747223109414,-1.2629554407176036,19
7,{F5E8B082-49F5-3A13-E053-6C04A8C060B7},1300000,2021-01-14,ox1 1ld,O,N,L,"SIMON HOUSE, 1 - 5",,PARADISE STREET,,OXFORD,OXFORD,OXFORDSHIRE,B,A,12765388,1,,"POLYGON ((-1.2628714 51.7509071, -1.2627329 51.7508484, -1.2624786 51.7508318, -1.262079 51.75086, -1.2618555 51.7508926, -1.2617771 51.7509304, -1.2618554 51.7509798, -1.2619162 51.7510181, -1.261948 51.7509925, -1.2620405 51.7510006, -1.2621293 51.750994, -1.2621214 51.7509539, -1.2623625 51.7509351, -1.2623602 51.7509214, -1.2624179 51.7509201, -1.262417 51.750907, -1.2625869 51.7509016, -1.2627324 51.7509236, -1.2628218 51.7509503, -1.2628714 51.7509071))",,,Simon House,Paradise Street,apartments,,,,,,,,,,,,,,,,,,,,,Oxford,,,,,,,,,Check if there is a new name and new addresses of the flats,,,,,,,,,,,,,"[8610441599, 8827462366, 12015277432, 12015277437, 12015277436, 2265731071, 12015277433, 12015277435, 12015277434, 12015277438, 12015277439, 12015277440, 12015277447, 12015277446, 12015277445, 12015277444, 12015277443, 12015277442, 12015277441, 8610441599]",,,,,,,,,,,,,,,,,,,,,,,,,,,,,,,,,,,,,,,,,,,,,,,,,,,,,,,,,,,,,,,,,,,,,,,,,,,,,,,,,,,,,,,,,,,,,,,,,,,,,,,,,,,,,,,,,,,,,,,,,,,,,,,,,,,,,,,,,,,,,,,,,,,,,,,,,,,,,,,,,,,,,,,,,,,,,,,,,,,,,,,,,,,,,,,,,,,,,,,,,,,,,,,,,,,,,,,,,,,,,,,,51.750906365298476,-1.2622690639812015,
8,{2A289EA1-127F-CDC8-E050-A8C063054829},131016,2001-12-10,ox1 1ld,D,N,L,20,,PARADISE STREET,,OXFORD,OXFORD,OXFORDSHIRE,A,A,20418462,20,,"POLYGON ((-1.2627265 51.7506196, -1.2626819 51.7507577, -1.2625751 51.7507447, -1.2625096 51.7507442, -1.262513 51.7506988, -1.2625674 51.750704, -1.2626066 51.7506054, -1.2627265 51.7506196))",,,The Jolly Farmers,Paradise Street,pub,,,,pub,,,,,,2023-09-23,,,,,,,,,,,Oxford,,,,,,,,,,,,,,Q26405543,,,,,269142,,,"[2265731005, 2265730955, 2265731050, 12089016566, 12089016565, 2265731083, 2265730998, 2265731005]",,,,,,,,,,,,,,,,,,,,,,,,,,,,,,,,,,,,,,,,,,,,,,,,,,,,,,,,,,,,yes,,,,,,,,,,,,,,,,,,,,,,,,,,,,,,,,,,,,,,,,,,garden,,,,,,,,,,,,,,,,,,,yes,primary,,,,,,,,,,,,,,,,,,,,,,,,,,,,,,,,,,,,,,,,,,,,,,,,,,,,,,,,,,,,,,,,,,,,,,,,,,,,,,,,,,,,,,,,,,,,,,,,,,,,,,51.75068631732115,-1.2626302840871872,20
9,{01EB45F0-9AA5-40F3-E063-4704A8C05FDE},800000,2023-02-17,ox1 1qe,O,N,F,2,,ROGER BACON LANE,,OXFORD,OXFORD,OXFORDSHIRE,B,A,14869332,2,,"POLYGON ((-1.2598407 51.7505191, -1.2598386 51.7505025, -1.2597576 51.7505064, -1.2597555 51.7504895, -1.2597525 51.7504655, -1.2598329 51.7504616, -1.2598198 51.7503561, -1.2598873 51.7503529, -1.2599135 51.7503516, -1.2600464 51.7503453, -1.2600687 51.7505254, -1.259907 51.7505331, -1.2598677 51.750535, -1.2598656 51.7505179, -1.2598407 51.7505191))",,Bing,St Ebbe's Church Centre,Roger Bacon Lane,yes,,,,,,,,St Ebbe's Church,,,,,,,,,,St Ebbe's Parish Centre,,,Oxford,,,,,,,,,,,,,,,,,,,,,,"[2616016189, 1492515923, 2616016187, 11903848830, 2616016201, 2616016186, 2616016196, 11903848831, 7701390693, 11207391467, 2616016188, 2616016184, 2616016190, 2616016191, 2616016189]",,2,,,,,,,,,,,,,,,,,,,,,,,,,,,,,,,,,,,,,,,,,,,,,,,,,,,,,,,,,,,,,,,,,,,,,,,,,,,,,,,,,,,,,,,,,,,,,,,,,,,,,,,,,,,,,,,,,,,,,,,,,,,,,,,,,,,,,,,,,,,,,,,,,,,,,,,,,,,,,,,,,,,,,,,,,,,,,,,,,,,,,,,,,,,,,,,,,,,,,,,,,,,,,,,,,,,,,,,,,,,,,,51.75044312130347,-1.2599339650737507,2
10,{01EB45F0-9AA5-40F3-E063-4704A8C05FDE},800000,2023-02-17,ox1 1qe,O,N,F,2,,ROGER BACON LANE,,OXFORD,OXFORD,OXFORDSHIRE,B,A,14869332,2,,"POLYGON ((-1.2599135 51.7503516, -1.2599099 51.7503302, -1.2599 51.7502419, -1.2599372 51.7502404, -1.2600329 51.7502358, -1.2600401 51.7502945, -1.2600464 51.7503453, -1.2599135 51.7503516))",,,St Ebbe's Rectory,Roger Bacon Lane,yes,,,,,,,,,,,,,,,,,,St Ebbe's Rectory,,,Oxford,,,,,,,1,,,,,,,,,,,,,,,"[7701390693, 11903848824, 7701390694, 7701390699, 11207391469, 11903848825, 11207391467, 7701390693]",,3,,,,,,,,,,,,,,,,,,,,,,,,,,,,,,,,,,,,,,,,,,,,,,,,,,,,,,,,,,,,,,,,,,,,,,,,,,,,,,,,,,,,,,,,,,,,,,,,,,,,,,,,,,,,,,,,,,,,,,,,,,,,,,,,,,,,,,,,,,,,,,,,,,,,,,,,,,,,,,,,,,,,,,,,,,,,,,,,,,,,,,,,,,,,,,,,,,,,,,,,,,,,,,,,,,,,,,,,,,,,,,51.750293755244094,-1.259972950414149,2
11,{01EB45F0-9AA5-40F3-E063-4704A8C05FDE},800000,2023-02-17,ox1 1qe,O,N,F,2,,ROGER BACON LANE,,OXFORD,OXFORD,OXFORDSHIRE,B,A,14869332,2,,"POLYGON ((-1.2598258 51.7501273, -1.259925 51.7501234, -1.2599372 51.7502404, -1.2599 51.7502419, -1.2598379 51.7502444, -1.2598297 51.7501647, -1.2598258 51.7501273))",,,The Cabin,Roger Bacon Lane,yes,,,,,,,,,,,,,,,,,,St Ebbe's Church,,,Oxford,,,,,,,,,,,,,,,,,,,,,,"[7701390697, 7701390698, 7701390699, 7701390694, 7701390700, 11903848822, 7701390697]",,1,,,,,,,,,,,,,,,,,,,,,,,,,,,,,,,,,,,,,,,,,,,,,,,,,,,,,,,,,,,,,,,,,,,,,,,,,,,,,,,,,,,,,,,,,,,,,,,,,,,,,,,,,,,,,,,,,,,,,,,,,,,,,,,,,,,,,,,,,,,,,,,,,,,,,,,,,,,,,,,,,,,,,,,,,,,,,,,,,,,,,,,,,,,,,,,,,,,,,,,,,,,,,,,,,,,,,,,,,,,,,,51.75018388735238,-1.259881478385544,2
12,{A2479555-87A8-74C7-E053-6B04A8C0887D},350000,2019-07-31,ox1 1tt,F,N,L,"THE WHARF HOUSE, 14",FLAT 3,BUTTERWYKE PLACE,,OXFORD,OXFORD,OXFORDSHIRE,A,A,10647597,14,,"POLYGON ((-1.2596839 51.7480821, -1.2596584 51.7479778, -1.2595856 51.7479846, -1.2595029 51.7479924, -1.2594875 51.7479938, -1.2594928 51.7480152, -1.2594569 51.7480186, -1.259472 51.7480806, -1.2595047 51.7480775, -1.2595098 51.7480984, -1.2596839 51.7480821))",,,The Wharf House,Butterwyke Place,pub,apartment,,,,,,,,,,,,,,,,,The Wharf House,,,Oxford,,,,,,,,,,,,,,,,,,,,,,"[8585831850, 8585831849, 8585831859, 8585831858, 8585831848, 8585831847, 8585831846, 8585831845, 8585831844, 8585831843, 8585831850]",,,,,,,,,,,,,,,,,,,,,,,,,,,,,,,,,,,,,,,,,,,,,,,,,,,,,,,,,,,,,,,,,,,,,,,,,,,,,,,,,,,,,,,,,,,,,,,,,,,,,pub,,,,,,,,,,,,,,,,,,,,,,,,,,,,,,,,,,,,,,,,,,,,,,,,,,,,,,,,,,,,,,,,,,,,,,,,,,,,,,,,,,,,,,,,,,,,,,,,,,,,,,,,,,,,,,,,,,,,,,,,,,,51.74803921936342,-1.2595740313369774,14
13,{AE4D86D4-4FEF-4619-E053-6C04A8C03CD0},340000,2019-10-25,ox1 1tt,F,N,L,"THE WHARF HOUSE, 14",FLAT 1,BUTTERWYKE PLACE,,OXFORD,OXFORD,OXFORDSHIRE,A,A,10771967,14,,"POLYGON ((-1.2596839 51.7480821, -1.2596584 51.7479778, -1.2595856 51.7479846, -1.2595029 51.7479924, -1.2594875 51.7479938, -1.2594928 51.7480152, -1.2594569 51.7480186, -1.259472 51.7480806, -1.2595047 51.7480775, -1.2595098 51.7480984, -1.2596839 51.7480821))",,,The Wharf House,Butterwyke Place,pub,apartment,,,,,,,,,,,,,,,,,The Wharf House,,,Oxford,,,,,,,,,,,,,,,,,,,,,,"[8585831850, 8585831849, 8585831859, 8585831858, 8585831848, 8585831847, 8585831846, 8585831845, 8585831844, 8585831843, 8585831850]",,,,,,,,,,,,,,,,,,,,,,,,,,,,,,,,,,,,,,,,,,,,,,,,,,,,,,,,,,,,,,,,,,,,,,,,,,,,,,,,,,,,,,,,,,,,,,,,,,,,,pub,,,,,,,,,,,,,,,,,,,,,,,,,,,,,,,,,,,,,,,,,,,,,,,,,,,,,,,,,,,,,,,,,,,,,,,,,,,,,,,,,,,,,,,,,,,,,,,,,,,,,,,,,,,,,,,,,,,,,,,,,,,51.74803921936342,-1.2595740313369774,14
14,{F87E72F9-5107-176C-E053-6B04A8C0D2BE},345000,2019-11-08,ox1 1tt,F,N,L,"THE WHARF HOUSE, 14",FLAT 2,BUTTERWYKE PLACE,,OXFORD,OXFORD,OXFORDSHIRE,A,A,10937528,14,,"POLYGON ((-1.2596839 51.7480821, -1.2596584 51.7479778, -1.2595856 51.7479846, -1.2595029 51.7479924, -1.2594875 51.7479938, -1.2594928 51.7480152, -1.2594569 51.7480186, -1.259472 51.7480806, -1.2595047 51.7480775, -1.2595098 51.7480984, -1.2596839 51.7480821))",,,The Wharf House,Butterwyke Place,pub,apartment,,,,,,,,,,,,,,,,,The Wharf House,,,Oxford,,,,,,,,,,,,,,,,,,,,,,"[8585831850, 8585831849, 8585831859, 8585831858, 8585831848, 8585831847, 8585831846, 8585831845, 8585831844, 8585831843, 8585831850]",,,,,,,,,,,,,,,,,,,,,,,,,,,,,,,,,,,,,,,,,,,,,,,,,,,,,,,,,,,,,,,,,,,,,,,,,,,,,,,,,,,,,,,,,,,,,,,,,,,,,pub,,,,,,,,,,,,,,,,,,,,,,,,,,,,,,,,,,,,,,,,,,,,,,,,,,,,,,,,,,,,,,,,,,,,,,,,,,,,,,,,,,,,,,,,,,,,,,,,,,,,,,,,,,,,,,,,,,,,,,,,,,,51.74803921936342,-1.2595740313369774,14
15,{B5755FFE-4B10-7D01-E053-6C04A8C036B6},345000,2019-11-01,ox1 1tt,F,N,L,"THE WHARF HOUSE, 14",FLAT 4,BUTTERWYKE PLACE,,OXFORD,OXFORD,OXFORDSHIRE,A,A,10947026,14,,"POLYGON ((-1.2596839 51.7480821, -1.2596584 51.7479778, -1.2595856 51.7479846, -1.2595029 51.7479924, -1.2594875 51.7479938, -1.2594928 51.7480152, -1.2594569 51.7480186, -1.259472 51.7480806, -1.2595047 51.7480775, -1.2595098 51.7480984, -1.2596839 51.7480821))",,,The Wharf House,Butterwyke Place,pub,apartment,,,,,,,,,,,,,,,,,The Wharf House,,,Oxford,,,,,,,,,,,,,,,,,,,,,,"[8585831850, 8585831849, 8585831859, 8585831858, 8585831848, 8585831847, 8585831846, 8585831845, 8585831844, 8585831843, 8585831850]",,,,,,,,,,,,,,,,,,,,,,,,,,,,,,,,,,,,,,,,,,,,,,,,,,,,,,,,,,,,,,,,,,,,,,,,,,,,,,,,,,,,,,,,,,,,,,,,,,,,,pub,,,,,,,,,,,,,,,,,,,,,,,,,,,,,,,,,,,,,,,,,,,,,,,,,,,,,,,,,,,,,,,,,,,,,,,,,,,,,,,,,,,,,,,,,,,,,,,,,,,,,,,,,,,,,,,,,,,,,,,,,,,51.74803921936342,-1.2595740313369774,14
16,{21E5FEB7-32BF-2439-E050-A8C06205342E},75000,2014-07-04,ox1 2hp,O,N,L,2,,LITTLE CLARENDON STREET,,OXFORD,OXFORD,OXFORDSHIRE,B,A,4805959,2,,"POLYGON ((-1.2613225 51.7587802, -1.2612152 51.7588141, -1.2612493 51.758858, -1.2613104 51.7589316, -1.261415 51.7589083, -1.2613996 51.7588698, -1.2613225 51.7587802))",,,,Little Clarendon Street,yes,,,,,,,,,,,,,,,,,,,,,Oxford,,,,,,,,,,,,,,,,,,,,,,"[3613547150, 1289197685, 1289197861, 3613547152, 3613547153, 3613547151, 3613547150]",,,,,,,,,,,,,,,,,,,,,,,,,,,,,,,,,,,,,,,,,,,,,,,,,,,,,,,,,,,,,,,,,,,,,,,,,,,,,,,,,,,,,,,,,,,,,,,,,,,,,restaurant,,,,,,,,,,,,,,,,,,,,,,,,,,,,,,,,,,,,,,,,,,,,,,,,,,,,,,,,,,,,,,,,,,,,,,,,,,,,,,,,,,,,,,,,,,,,,,,,,,,,,,,,,,,,,,,,,,,,,,,,,,,51.75885735227379,-1.2613184383520097,1-2
17,{1C3E72FF-14F0-F410-E063-4804A8C0DFA6},70000,2024-06-03,ox1 2hp,O,N,L,11 - 12,,LITTLE CLARENDON STREET,,OXFORD,OXFORD,OXFORDSHIRE,B,A,15618959,11,,"POLYGON ((-1.2620513 51.7584942, -1.2618874 51.7585581, -1.2619835 51.7586637, -1.2620661 51.7587547, -1.2622391 51.7586958, -1.2621379 51.7585869, -1.2620513 51.7584942))",,,Wilding Wine,Little Clarendon Street,yes,,,,restaurant,,,,,,,,,,,Mo-Su 11:00-23:00,,https://www.wilding.wine/locations/oxford/,,,,Oxford,,,,+44 1865 985 630,,,,,,,,,,,,,,,1426974,,,"[1132574206, 3613536299, 3613536304, 3613536300, 3613536301, 1132573882, 1132574206]",,,,,,,,,,,,,,,,,,,,,,,,,,,,,,,,,,,,,,,,,,,,,,,,,,,,,,,,,,,,,,,,,,,,,,,,,,,,,,,,,,,,,,,,,FHRS Open Data,,,,,,,,,,,,,,,,,,,,,,,,,,,,,,,,,,,,,,,,,,,,,,,,,,,,,,,,,,,,,,,,,,,,,,,,,,,,,,,,,,,,,,,,,,,,,,,,,,,,,,,,,,,,,,,,,,,,,,,,,,,,,,,,,,,,,,,51.75862584486328,-1.2620617849949198,
18,{299E9E3C-481A-4B52-B2B3-CDE05890E3F5},74000,1997-10-17,ox1 2hq,S,N,L,25A,,WALTON STREET,OXFORD,OXFORD,OXFORD,OXFORDSHIRE,A,A,1462395,25,,"POLYGON ((-1.2635933 51.7576006, -1.2637662 51.7575882, -1.2637744 51.7576278, -1.263716 51.7576324, -1.2637176 51.7576404, -1.2636033 51.7576494, -1.2635933 51.7576006))",limited,survey,The Last Bookshop,Walton Street,house,,,,,,,,,,,,,,,Mo-Sa 10:00-18:00; Su 11:00-17:00,,,,,,,,,,,books,,,,,,,,,,,,,,,,,"[1201351501, 1201351499, 12077046316, 12077046315, 1201351503, 1201351506, 1201351501]",,2,,,,,,,Bing,,,,,,,,,,,,,,,,,,,,,,,0,,,,,,,,,,,,,,,,,,,,,,,,,,,,,,,,,,,,,,,,,,,,,,,,video,,,,,,,,,,,,,,,,,,,,,,,,,,,,,,,,,,,,,,,,,,,,,,,,,,,,,,,,,,,,,,,,,,,,,,,,,,,,,,,,,,,,,,,,,,,,,,,,,,,,,,,,,,,,,,,,,,,,,,,,,,,,,,,,,,,,,,,,,,,,,,,,51.757617602494726,-1.263680690533936,25
19,{C5D60B1D-1E74-4C34-A217-4F7CD1107CB7},280000,2014-03-17,ox1 2hq,F,N,L,25A,,WALTON STREET,,OXFORD,OXFORD,OXFORDSHIRE,A,A,4985590,25,,"POLYGON ((-1.2635933 51.7576006, -1.2637662 51.7575882, -1.2637744 51.7576278, -1.263716 51.7576324, -1.2637176 51.7576404, -1.2636033 51.7576494, -1.2635933 51.7576006))",limited,survey,The Last Bookshop,Walton Street,house,,,,,,,,,,,,,,,Mo-Sa 10:00-18:00; Su 11:00-17:00,,,,,,,,,,,books,,,,,,,,,,,,,,,,,"[1201351501, 1201351499, 12077046316, 12077046315, 1201351503, 1201351506, 1201351501]",,2,,,,,,,Bing,,,,,,,,,,,,,,,,,,,,,,,0,,,,,,,,,,,,,,,,,,,,,,,,,,,,,,,,,,,,,,,,,,,,,,,,video,,,,,,,,,,,,,,,,,,,,,,,,,,,,,,,,,,,,,,,,,,,,,,,,,,,,,,,,,,,,,,,,,,,,,,,,,,,,,,,,,,,,,,,,,,,,,,,,,,,,,,,,,,,,,,,,,,,,,,,,,,,,,,,,,,,,,,,,,,,,,,,,51.757617602494726,-1.263680690533936,25
20,{4E95D757-BB16-EDA1-E050-A8C0630539E2},425000,2017-03-31,ox1 2hq,F,N,L,25A,,WALTON STREET,,OXFORD,OXFORD,OXFORDSHIRE,A,A,8770015,25,,"POLYGON ((-1.2635933 51.7576006, -1.2637662 51.7575882, -1.2637744 51.7576278, -1.263716 51.7576324, -1.2637176 51.7576404, -1.2636033 51.7576494, -1.2635933 51.7576006))",limited,survey,The Last Bookshop,Walton Street,house,,,,,,,,,,,,,,,Mo-Sa 10:00-18:00; Su 11:00-17:00,,,,,,,,,,,books,,,,,,,,,,,,,,,,,"[1201351501, 1201351499, 12077046316, 12077046315, 1201351503, 1201351506, 1201351501]",,2,,,,,,,Bing,,,,,,,,,,,,,,,,,,,,,,,0,,,,,,,,,,,,,,,,,,,,,,,,,,,,,,,,,,,,,,,,,,,,,,,,video,,,,,,,,,,,,,,,,,,,,,,,,,,,,,,,,,,,,,,,,,,,,,,,,,,,,,,,,,,,,,,,,,,,,,,,,,,,,,,,,,,,,,,,,,,,,,,,,,,,,,,,,,,,,,,,,,,,,,,,,,,,,,,,,,,,,,,,,,,,,,,,,51.757617602494726,-1.263680690533936,25
21,{D22473F5-DC5B-7B40-E053-6C04A8C0A630},450000,2021-10-15,ox1 2hq,F,N,L,25A,,WALTON STREET,,OXFORD,OXFORD,OXFORDSHIRE,A,A,12556612,25,,"POLYGON ((-1.2635933 51.7576006, -1.2637662 51.7575882, -1.2637744 51.7576278, -1.263716 51.7576324, -1.2637176 51.7576404, -1.2636033 51.7576494, -1.2635933 51.7576006))",limited,survey,The Last Bookshop,Walton Street,house,,,,,,,,,,,,,,,Mo-Sa 10:00-18:00; Su 11:00-17:00,,,,,,,,,,,books,,,,,,,,,,,,,,,,,"[1201351501, 1201351499, 12077046316, 12077046315, 1201351503, 1201351506, 1201351501]",,2,,,,,,,Bing,,,,,,,,,,,,,,,,,,,,,,,0,,,,,,,,,,,,,,,,,,,,,,,,,,,,,,,,,,,,,,,,,,,,,,,,video,,,,,,,,,,,,,,,,,,,,,,,,,,,,,,,,,,,,,,,,,,,,,,,,,,,,,,,,,,,,,,,,,,,,,,,,,,,,,,,,,,,,,,,,,,,,,,,,,,,,,,,,,,,,,,,,,,,,,,,,,,,,,,,,,,,,,,,,,,,,,,,,51.757617602494726,-1.263680690533936,25
22,{C16C7752-D1BB-4934-8B40-FA86DDC1B14D},205000,2006-09-15,ox1 2hq,S,N,L,25A,,WALTON STREET,OXFORD,OXFORD,OXFORD,OXFORDSHIRE,A,A,27308616,25,,"POLYGON ((-1.2635933 51.7576006, -1.2637662 51.7575882, -1.2637744 51.7576278, -1.263716 51.7576324, -1.2637176 51.7576404, -1.2636033 51.7576494, -1.2635933 51.7576006))",limited,survey,The Last Bookshop,Walton Street,house,,,,,,,,,,,,,,,Mo-Sa 10:00-18:00; Su 11:00-17:00,,,,,,,,,,,books,,,,,,,,,,,,,,,,,"[1201351501, 1201351499, 12077046316, 12077046315, 1201351503, 1201351506, 1201351501]",,2,,,,,,,Bing,,,,,,,,,,,,,,,,,,,,,,,0,,,,,,,,,,,,,,,,,,,,,,,,,,,,,,,,,,,,,,,,,,,,,,,,video,,,,,,,,,,,,,,,,,,,,,,,,,,,,,,,,,,,,,,,,,,,,,,,,,,,,,,,,,,,,,,,,,,,,,,,,,,,,,,,,,,,,,,,,,,,,,,,,,,,,,,,,,,,,,,,,,,,,,,,,,,,,,,,,,,,,,,,,,,,,,,,,51.757617602494726,-1.263680690533936,25
23,{F5C6D372-225B-4630-AEE4-B6A047AD4A91},155000,1996-03-22,ox1 3ae,D,N,F,19,FLAT A,MAGDALEN STREET,OXFORD,OXFORD,OXFORD,OXFORDSHIRE,A,A,354302,19,,"POLYGON ((-1.2592978 51.7548734, -1.2592775 51.754832, -1.2594685 51.7547963, -1.2594887 51.7548379, -1.2594652 51.754842, -1.2592978 51.7548734))",yes,,,Magdalen Street,yes,,,,,,,,,,,,,,,Mo-Su 07:00-18:00,,,,,,Oxford,,,,+44 1865 245549,,,,,,,,,,,,,,,,,,"[2381005048, 2771939353, 2771939357, 2771939359, 2381005046, 2381005048]",,,,,,,,,,,,,,,,,,,,,,,,,,,,,,,,,,,,,,,,,,,,,,,,,,,,,,,,,,,,,,,,,,,,,,,,,,,,,,,,,,,,,,,,,,,,,,,,,,,,,,,,,,,,,,,,,,,,,,,,,,,,,,,,,,,,,,,,,,,,,,,,,,,,,,,,,,,,,,,,,,,,,,,,,,,,,,,,,,,,,,,,,,,,,,,,,,,,,,,,,,,,,,,,,,,,,,,,,,,,,,,,51.75483483633887,-1.2593830853110748,19
24,{CD5A9DCC-BCD4-310A-E053-6C04A8C00A1F},1136688,2021-06-01,ox1 3ag,O,N,F,"THE STORE HOTEL, 1 - 5",,BROAD STREET,,OXFORD,OXFORD,OXFORDSHIRE,B,A,12868718,1,,"POLYGON ((-1.2583612 51.7538748, -1.2585205 51.7538643, -1.2585631 51.753861, -1.2585751 51.7538926, -1.2587305 51.7538681, -1.2587378 51.753887, -1.2587495 51.7539171, -1.2586518 51.7539342, -1.2585936 51.7539444, -1.2585258 51.7539562, -1.2585311 51.7539694, -1.2585823 51.7541232, -1.2584642 51.7541501, -1.2583956 51.7541575, -1.2583388 51.7541638, -1.2582927 51.7541688, -1.2582195 51.754177, -1.2580623 51.7541814, -1.258029 51.7539626, -1.2580183 51.7539138, -1.258202 51.7539004, -1.2581892 51.7538493, -1.2582448 51.7538421, -1.258253 51.753882, -1.2583612 51.7538748))",,,The Store,Broad Street,yes,hotel,,,,,,,,,,,,,,,,,,,,Oxford,,,,,,,,,,,,Boswell & Co,,,,,,,1713532,,,"[3944636585, 3944972264, 2815958209, 3946714307, 2815958213, 3944972276, 2815958205, 3944972280, 3944636581, 2815958206, 3946733127, 2815958207, 3946714275, 3946714283, 3946714276, 3944972274, 2815958208, 2815958218, 7625849830, 7625849829, 8667880831, 2815958269, 8667880830, 3944636584, 3944636585]",,4,,,,,,,,,,,,,,,,,,,,,,,,,,,,,,1,,,,,,,,,,,,,,,,stone,,,,,,,,,,,,,,,,,,,,,,,,,,,,,,,,department_store,,,,,,,,,,,,,,,,,,,,,,,,,,,,,,1,,,,,grey,,,,,,,,,,,,,,,,,#cc9933,Q4948360,en:Boswells of Oxford,,,,,,,,,,,,,,,,,,,,,,,,,,,,,,,,,,,,,,,,,,,,,,,,,,,,,,,,,,,,,,,,,,,,,,,,,,,,,,,,,,,,,,,,,,51.75401355037307,-1.2583206372419096,
25,{7011B10A-3C0C-8ED6-E053-6B04A8C075C1},55000,2018-06-04,ox1 3as,O,N,L,14,,BROAD STREET,,OXFORD,OXFORD,OXFORDSHIRE,B,A,9412959,14,,"POLYGON ((-1.2574058 51.7541722, -1.2574078 51.7540565, -1.2574751 51.7540582, -1.2574686 51.754178, -1.2574058 51.7541722))",,,Kiltane,Broad Street,yes,,,,,,,,,,,,,,,,,,,,,Oxford,,,,,clothes,,,,,,,,,,,,,,,,https://www.kiltane.com/,"[9135047258, 3176444231, 9135047257, 9135047256, 9135047258]",,4,,,,,,,,,,,,,,,,,,,,,,,,,,,,,,,,,,,,,,,,,,,,,,plaster,,,,,,,,,,,,,,,,,,,,,,,,,,,,,,,,,,,,,code-point_open,,,,,,,,,,,,,,,,,,,,,,,,,,,,,,,,,,,,,,,,,,,,,,,pink,,,,,,,,,,,,,,,,,,,,,,,,,,,,,,,,,,,,,,,,,,,,,,,,,,,,,,,,,,,,,,,,,,,,,,,,,,,,,,,,,,,,,,,,,,,,51.75411558142647,-1.257439548922328,14
26,{B5755FFE-B23B-7D01-E053-6C04A8C036B6},14750,2020-09-30,ox1 3as,O,N,L,22,,BROAD STREET,,OXFORD,OXFORD,OXFORDSHIRE,B,A,12006166,22,,"POLYGON ((-1.2569679 51.7541759, -1.2569383 51.7541773, -1.2569342 51.7541775, -1.2569205 51.7540852, -1.2569245 51.7540853, -1.2569592 51.7540858, -1.2569679 51.7541759))",,,ItaliAmo Cafe,Broad Street,yes,,,,cafe,,,,,,2024-04-18,,,,,,,,,,,Oxford,,,,,,,,,,,,,,,,,,,1292333,,,"[9135047270, 12067829982, 9135047271, 9135047272, 12067829980, 9135047269, 9135047270]",,,,,,,,,,,,,,,,,,,,,,,,,,,,,,,,,,,,,https://www.facebook.com/ItaliAmoOxford/,,,,,,,,,,,,,,,,,,,,,,,,,,,,,,,,,,,,,,,,,,,,,,,,,,,,,,,,,,,,,,,,,,,,,,,,,,,,,,,,,,,,,,,,,,,,,,,,,,,,,,,,,,,,,,,,,,,,,,,,,,,,,,,,,,,,,,,,,,,,,,,,,,,,,,,,,,,,,,,,,,,,,,,,,,,,,,,,,,,,,,,,,,,51.754130118372814,-1.25694525562776,22
27,{666758D7-AED4-3363-E053-6B04A8C0D74E},2331566,2018-02-12,ox1 3ef,O,N,L,8,,MARKET STREET,,OXFORD,OXFORD,OXFORDSHIRE,B,A,9717593,8,,"POLYGON ((-1.2573457 51.7528199, -1.2574128 51.7528061, -1.2574441 51.7528644, -1.2574789 51.7529292, -1.2573334 51.7529592, -1.2572814 51.7528623, -1.25727 51.7528646, -1.2572273 51.7527851, -1.2572756 51.7527751, -1.2572793 51.752782, -1.2573208 51.7527734, -1.2573457 51.7528199))",limited,,Wagamama,Market Street,retail,,,,restaurant,Wagamama,Q503715,en:Wagamama,,,,,,,,Mo-Sa 12:00-23:00; Su 12:00-22:00,,,,,,Oxford,,,,+44 1865 249183,,,,,,,,,,,,,,,268905,,https://www.wagamama.com/restaurants/oxford/oxford,"[1398828170, 1398828182, 1398828181, 1398828185, 1398828192, 8888044118, 8888044117, 1398828183, 8888044119, 3166988322, 3166988321, 1398828170]",,2,,,,,,,Bing,,,,,,,,,,,,,,,,,,,,,,,2,,,,,,,,,,wlan,no,,,,,,,,,,,,,,,,,,,,,,,,,,,,,,,,,,,,,,asian,,,,,,,,,,,,,,,,,,,,,,,,yes,wheelchair_toilet,,,,,,,,,,,,,,,,,,,,,,,,,,,,,,,,,,,,,,,,,,,,,,,,,,,,,,,,,,,,,,,,,,,,,,,,,,,,,,,,,,,,,,,,,,,,,,,,,,,,,,,,,,,,,,,,,,,,,,51.75286667375833,-1.2573544115269224,8
28,{85866A65-A4BC-143F-E053-6B04A8C06A15},32083,2019-03-08,ox1 3ey,O,N,L,30,GROUND FLOOR SHOP AND BASEMENT,CORNMARKET STREET,,OXFORD,OXFORD,OXFORDSHIRE,B,A,10785682,30,,"POLYGON ((-1.2585751 51.7538926, -1.2585631 51.753861, -1.2585583 51.753845, -1.2585523 51.7538305, -1.2587076 51.7538097, -1.2587092 51.7538138, -1.2587112 51.7538189, -1.2587221 51.7538446, -1.2587305 51.7538681, -1.2585751 51.7538926))",,suvey,Oxford Gifts & Candyland,Cornmarket Street,yes,,,,,,,,,,,,,,,,,,,,,Oxford,,,,,gift,,,,,,,,,,,,,,,,,"[3946714307, 2815958209, 3946714302, 2815958214, 2815958215, 3946714303, 3946714299, 3946714304, 2815958213, 3946714307]",,,,,,,,,,,,,,,,,,,,,,,,,,,,,,,,,,,,,,,,,,,,,,,,,,,,,,,,,,,,,,,,,,,,,,,,,,,,,,,,,,,,,,,,,,,,,,,,,,,,,,,,,,,,,,,,,,,,,,,,,,,,,,,,,,,,,,,taken at streetlevel not the offset roof,,,,,,,,,,,,,,,,,,,,,,,,,,,,,,,,,,,,,,,,,,,,,,,,,,,,,,,,,,,,,,,,,,,,,,,,,,,,,,,,,,,,,,,,,51.75385038789922,-1.2586408183015207,30
29,{C8A3A576-FB73-0425-E053-6C04A8C0947B},15500,2021-03-29,ox1 3ld,O,N,F,31,,ST GILES,,OXFORD,OXFORD,OXFORDSHIRE,B,A,12387503,31,,"POLYGON ((-1.2611685 51.7587227, -1.2611956 51.7587579, -1.2610358 51.7588151, -1.2610087 51.7587661, -1.2609817 51.7587171, -1.2610732 51.7586898, -1.2610972 51.7587373, -1.2611639 51.7587168, -1.2611685 51.7587227))",yes,,Taylors,Saint Giles',retail,,,,cafe,,,,,,,,,,,"Mo-Fr 07:00-19:00, Sa 08:00-18:30, Su 09:00-17:30",,,,,,Oxford,,,,,deli,,,,,,,,,,,,,,269361,,,"[1289197472, 1289197376, 1289197794, 1289197692, 1289197519, 1289197618, 1289197849, 1289197420, 1289197472]",,3,,,,,,,Bing,,,,,,,,,,,,,,,,,,,,,,,,,,,,,,,,,,,,,,,,,,,,,,,,,,,,,yes,,,,,,,,,,,,,,,,,,,sandwich,,,,,,,,FHRS Open Data,,,,,,,,,,,,,,,,,,,,,,,,,,,,,,,,,,,,,,,,,,,,,,,,,,,,,,,,,,,,,,,,,,,,,,,,,,,,,,,,,,,,,,,,,,,,,,,,,,,,,,,,,,,,,,,,,,,,,,,,,,,,,,,,,,,,,,,51.7587509610341,-1.2610776256864653,31
30,{582D0637-F6B5-8F22-E053-6C04A8C01BAC},75000,2017-05-08,ox1 3lu,O,N,L,52,,ST GILES,,OXFORD,OXFORD,OXFORDSHIRE,B,A,8952977,52,,"POLYGON ((-1.2602413 51.7570964, -1.2602422 51.7570996, -1.2602463 51.7571143, -1.2602514 51.7571322, -1.2603786 51.7571185, -1.2604421 51.7571116, -1.2604313 51.7570736, -1.2602413 51.7570964))",,survey,Ramen Kulture,Saint Giles',retail,,,,fast_food,,,,,,,,,,,,,,,,,,,,,,,,,,,,,,,,,,,,1332209,,,"[1289197762, 1289197421, 1289197475, 1289197501, 1289197430, 1289197597, 1289197656, 1289197762]",,,,,,,,,Bing,,,,,,,,,,,,,,,,,,,,,,,,,,,,,,,,,,,,,,,,,,,,,,,,,,,,,,,,,,,,,,,,,,,,,,,,noodle,,,,,,,,,,,,,,,,,,,,,,,,,,,,,,,,,,,,,,,,,,,,,,,,,,,,,,,,,,,,,,,,,,,,,,,,,,,,,,,,,,,,,,,,,,,,,,,,,,,,,,,,,,,,,,,,,,,,,,,,,,,,,,,,,,,,,,,,,,,,,,,51.75710335360667,-1.260342471552028,52
31,{80E1AA99-1601-7BF8-E053-6C04A8C00BF2},15000000,2018-12-19,ox1 3tb,O,N,F,"QUEEN ELIZABETH HOUSE, 3",,MANSFIELD ROAD,,OXFORD,OXFORD,OXFORDSHIRE,B,A,9486219,3,,"POLYGON ((-1.2515697 51.7560873, -1.2512263 51.7560883, -1.2512254 51.7559901, -1.251413 51.7559896, -1.2514128 51.7559109, -1.2514123 51.7558949, -1.2513052 51.7558953, -1.2513056 51.7559324, -1.2511761 51.7559329, -1.2511754 51.7558564, -1.2509355 51.7558572, -1.250934 51.7556853, -1.2511483 51.7556846, -1.2511485 51.7557069, -1.2511576 51.7557069, -1.2511695 51.7557068, -1.2511693 51.7556884, -1.2511692 51.755671, -1.251202 51.7556709, -1.2512019 51.7556636, -1.2512367 51.7556635, -1.2512367 51.75567, -1.2512642 51.7556699, -1.2512644 51.755688, -1.2515072 51.7556873, -1.2515083 51.7558093, -1.2515872 51.755809, -1.2515875 51.75584, -1.2515877 51.7558699, -1.2515554 51.75587, -1.2515558 51.7559077, -1.2515799 51.7559076, -1.2515802 51.7559374, -1.2515561 51.7559375, -1.2515566 51.7559943, -1.2515689 51.7559942, -1.2515697 51.7560873))",,yahoo_imagery,,Mansfield Road,university,,,,,,,,,,,,,,,,,,Queen Elizabeth House,,,,,,,,,,,,,,,,,,,,,,,,,"[570020312, 1050077528, 1050077437, 1050077938, 2381403156, 1050077584, 1050077488, 1050077380, 1050077872, 1050077840, 570020317, 570020318, 2379113784, 2379113799, 2358533427, 2379113787, 1050077569, 1050077470, 2379113782, 2379113778, 2379113775, 2379113780, 1050077706, 1050077764, 570020320, 1050077788, 1050077502, 2358533430, 1050077387, 1050077887, 1050077509, 1050077421, 1050077588, 1050077642, 1050077682, 1050077667, 570020312]",,,,,,,,,,,,,,,,,,,,,,,,,,,,,,,,,,,,,,,,,,,,,,,,,,,,,,,,,,,,,,,,,,,,,,,,,,,,,,,,,,,,,,,,,,,,,,,,,,,,,,,,,,,,,,,,,,,,,,,,,,,,,,,,,,,,,,,,,,,,,,,,,,,,,,,,,,,,,,,,,,,,,,,,,,,,,,,,,,,,,,,,,,,,,,,,,,,,,,,,,,,,,,,,,,,,,,,,,,,,,,,,51.755852259427655,-1.2512988209109441,3
32,{EED73E76-ADD5-6AF3-E053-6C04A8C08ABA},24070000,2022-04-14,ox1 4be,O,N,L,73,,HIGH STREET,,OXFORD,OXFORD,OXFORDSHIRE,B,A,13455259,73,,"POLYGON ((-1.2493053 51.7523499, -1.2495334 51.7519002, -1.2493771 51.7518664, -1.2492808 51.7520211, -1.2492704 51.752047, -1.2492495 51.7520995, -1.2491576 51.7523294, -1.2493053 51.7523499))",,,Mercure Oxford Eastgate Hotel,High Street,commercial,hotel,,,,Mercure,Q1709809,en:Mercure (hotel),Mercure,,2022-10-15,,,,,,,https://all.accor.com/hotel/6668/index.en.shtml,,,,Oxford,,,,+44 1865 248332,,,1,,,,,,,Q5330667,,,,,,,,"[306285621, 1585277419, 1585277406, 2142852415, 11255386644, 11255386651, 2142852421, 306285621]",,,,,,,,,,,,,,,,,,,,,,,,,,,,,,,,,,,,,,,,,,wlan,,,,,,,,,,,,,,,,,,,,,,,,,,,,,,,,,,,,,,,,,,,,,,,,,,,,,,,,,,,,,,,,,,,,,,,,,,,,,yes,81,,,,,,,,,,,,,,,,,,,,,,,,,,,,,,,,,,,,,,,,,,,,,,,,,,,,,,,,,,,,,,,,,,,,,,,,,,,,,,,,,,,,,,,,,,,,,,,,,,,,,,,,51.75210559276052,-1.2493399604107933,73
33,{CD5A9DCC-BC9F-310A-E053-6C04A8C00A1F},1075524,2021-04-27,ox1 4eh,O,N,F,5,,ALFRED STREET,,OXFORD,OXFORD,OXFORDSHIRE,B,A,12865148,5,,"POLYGON ((-1.2557164 51.7516808, -1.2556559 51.7515953, -1.2557822 51.7515742, -1.2558281 51.7516625, -1.2557562 51.7516743, -1.2557164 51.7516808))",,,Oxford Analytica,Alfred Street,office,,,,,,,,,,,,,,,,research,,,,,Oxford,,,,,,,,,,,,,,,,,,,,,,"[4773153619, 4773153620, 4773156321, 4773156322, 8863445888, 4773153619]",,4,,,,,,,,,,,,,,,,,,,,,,,,,,,,,,0,,,,,,,,,,,,,,,,,,,,,,,,,,,,,,,,,,,,,,,,,,,,,,,,,,,,,,,,,,,,,,,,,,,,,,,,,,,,,,,,,,,,,,,,,,,,,,,,,,,,,,,,,,,,,,,,,,,,,,,,,,,,,,,,,,,,,,,,,,,,,,,,,,,,,,,,,,,,,,,,,,,,,,,,,,,,,,,,,,,,,,,,,,,,,,,,51.751627296547944,-1.2557451400212103,5
34,{79DB1245-8DA2-42CD-8F32-A2BA51650889},815000,2013-01-04,ox1 4lb,S,N,F,4,,FOLLY BRIDGE,,OXFORD,OXFORD,OXFORDSHIRE,A,A,4481035,4,,"POLYGON ((-1.2570871 51.7461416, -1.2570148 51.7461464, -1.2570002 51.7460532, -1.2570718 51.7460489, -1.2570765 51.7460651, -1.2570871 51.7461416))",,,Folly Bridge House,Folly Island,apartments,,,,,,,,,,,,,,,,,,,,,Oxford,,,,,,,,,,,,,,,,,,,,,,"[1110546423, 1110546391, 1110546442, 1110546397, 7762529099, 1110546423]",,,,,,,,,,,,,,,,,,,,,,,,,,,,,,,,,,,,,,,,,,,,,,,,,,,,,,,,,,,,,,,,,,,,,,,,,,,,,,,,,,,,,,,,,,,,,,,,,,,,,,,,,,,,,,,,,,,,,,,,,,,,,,,,,,,,,,,,,,,,,,,,,,,,,,,,,,,,,,,,,,,,,,,,,,,,,,,,,,,,,,,,,,,,,,,,,,,,,,,,,,,,,,,,,,,,,,,,,,,,,,,,51.74609743985939,-1.257043939256302,4
35,{23B6165F-3FB9-FCF4-E050-A8C0620577FA},580000,2015-10-01,ox2 6ad,F,N,L,48A,,WALTON STREET,,OXFORD,OXFORD,OXFORDSHIRE,B,A,5916879,48,,"POLYGON ((-1.2658051 51.7597245, -1.2658112 51.759729, -1.2658525 51.7597596, -1.2658656 51.7597613, -1.2658769 51.7597628, -1.2659486 51.759726, -1.2658878 51.7596821, -1.2658322 51.7597106, -1.2658051 51.7597245))",,survey,,Walton Street,commercial,,,,,,,,,,,,,,,,,,,,,,,,,,,,,,,,,,,,,,,,,,,"[1273290176, 1273289571, 1273289175, 1273289346, 1273289202, 1273289425, 1273289727, 12077033798, 1273290176]",,,,,,,,,Bing,,,,,,,,,,,,,,,,,,,,,,,,,,,,,,,,,,,,,,,,,,,,,,,,,,,,,,,,,,,,,,,,,,,,,,,,,,,,,,,,,,,,,,,,,,,,,,,,,,,,,,,,,,,,,,,,,,,,,,,,,,,,,,,,,,,,,,,,,,,,,,,,,,,,,,,,,,,,,,,,,,,,,,,,,,,,,,,,,,,,,,,,,,,,,,,,,,,,,,,,,,,,,,,,,,,,,,,51.75972482929995,-1.2658768677423677,48
36,{A96E4ACC-73B1-9205-E053-6C04A8C0DA09},596000,2020-03-27,ox2 6ad,T,N,F,39,,WALTON STREET,,OXFORD,OXFORD,OXFORDSHIRE,A,A,11262768,39,,"POLYGON ((-1.2654046 51.7594183, -1.2654411 51.7594447, -1.2655533 51.7593851, -1.2655369 51.7593732, -1.2656087 51.7593351, -1.2655885 51.7593206, -1.2655553 51.7593382, -1.2654245 51.7594077, -1.2654046 51.7594183))",,,,Walton Street,house,,,,,,,,,,,,,,,,,,,,,,,,,,,,,,,,,,,,,,,,,,,"[1273289479, 1273289823, 1273290172, 1273290223, 1273289198, 1273289419, 1273290001, 1273289236, 1273289479]",,,,,,,,,Bing,,,,,,,,,,,,,,,,,,,,,,,,,,,,,,,,,,,,,,,,,,,,,,,,,,,,,,,,,,,,,,,,,,,,,,,,,terraced,,,,,,,,,,,,,,,,,,,,,,,,,,,,,,,,,,,,,,,,,,,,,,,,,,,,,,,,,,,,,,,,,,,,,,,,,,,,,,,,,,,,,,,,,,,,,,,,,,,,,,,,,,,,,,,,,,,,,,,,,,,,,,,,,,,,,,,,,,,,,,51.75938741484603,-1.2655007639781735,39
37,{B82222ED-2D78-6691-E053-6B04A8C02FB2},1010000,2020-10-23,ox2 6ad,S,N,F,38,,WALTON STREET,,OXFORD,OXFORD,OXFORDSHIRE,A,A,11755339,38,,"POLYGON ((-1.2654245 51.7594077, -1.2655553 51.7593382, -1.2654984 51.7592963, -1.2654466 51.759323, -1.2653647 51.7593678, -1.2654245 51.7594077))",,,,Walton Street,house,,,,,,,,,,,,,,,,,,,,,,,,,,,,,,,,,,,,,,,,,,,"[1273289236, 1273290001, 1273289664, 1273289458, 1273290081, 1273289236]",,,,,,,,,Bing,,,,,,,,,,,,,,,,,,,,,,,,,,,,,,,,,,,,,,,,,,,,,,,,,,,,,,,,,,,,,,,,,,,,,,,,,terraced,,,,,,,,,,,,,,,,,,,,,,,,,,,,,,,,,,,,,,,,,,,,,,,,,,,,,,,,,,,,,,,,,,,,,,,,,,,,,,,,,,,,,,,,,,,,,,,,,,,,,,,,,,,,,,,,,,,,,,,,,,,,,,,,,,,,,,,,,,,,,,51.759352215733315,-1.2654605060228794,38
38,{6DA0844A-45F4-30F2-E053-6B04A8C05F3B},965000,2018-04-19,ox2 6ae,F,N,F,59,,WALTON STREET,,OXFORD,OXFORD,OXFORDSHIRE,A,A,9266215,59,,"POLYGON ((-1.2667032 51.7604215, -1.266658 51.7603887, -1.2666477 51.7603812, -1.2667208 51.7603427, -1.2667356 51.7603534, -1.2667716 51.7603344, -1.2668122 51.760364, -1.2668059 51.7603673, -1.2667032 51.7604215))",,,,Walton Street,house,,,,,,,,,,,,,,,,,,,,,,,,,,,,,,,,,,,,,,,,,,,"[1273289745, 1273289331, 1273289123, 1273290078, 1273290022, 1273289690, 1273289399, 1273289430, 1273289745]",,,,,,,,,Bing,,,,,,,,,,,,,,,,,,,,,,,,,,,,,,,,,,,,,,,,,,,,,,,,,,,,,,,,,,,,,,,,,,,,,,,,,terraced,,,,,,,,,,,,,,,,,,,,,,,,,,,,,,,,,,,,,,,,,,,,,,,,,,,,,,,,,,,,,,,,,,,,,,,,,,,,,,,,,,,,,,,,,,,,,,,,,,,,,,,,,,,,,,,,,,,,,,,,,,,,,,,,,,,,,,,,,,,,,,51.76037587915206,-1.2667284061289568,59
39,{4568D21A-17FE-4A4A-BDB2-162B87C7E080},230000,1999-03-19,ox2 6ae,T,N,F,50,,WALTON STREET,,OXFORD,OXFORD,OXFORDSHIRE,A,A,18025549,50,,"POLYGON ((-1.2661345 51.7598832, -1.2661885 51.7599232, -1.2661481 51.759944, -1.2661014 51.7599682, -1.2660486 51.7599278, -1.2661345 51.7598832))",,,,Walton Street,house,,,,,,,,,,,,,,,,,,,,,,,,,,,,,,,,,,,,,,,,,,,"[1273289868, 1273289907, 1273289474, 1273290268, 1273289721, 1273289868]",,,,,,,,,Bing,,,,,,,,,,,,,,,,,,,,,,,,,,,,,,,,,,,,,,,,,,,,,,,,,,,,,,,,,,,,,,,,,,,,,,,,,,,,,,,,,,,,,,,,,,,,,,,,,,,,,,,,,,,,,,,,,,,,,,,,,,,,,,,,,,,,,,,,,,,,,,,,,,,,,,,,,,,,,,,,,,,,,,,,,,,,,,,,,,,,,,,,,,,,,,,,,,,,,,,,,,,,,,,,,,,,,,,51.759925617029694,-1.2661183113899457,50
40,{98C75472-C11B-72E9-E053-6B04A8C042F0},75000,2019-04-05,ox2 6aj,O,N,L,114,,WALTON STREET,,OXFORD,OXFORD,OXFORDSHIRE,B,A,10724609,114,,"POLYGON ((-1.2666239 51.7605326, -1.2665696 51.7604913, -1.2664657 51.7605429, -1.2664892 51.7605596, -1.2664428 51.760583, -1.2664778 51.7606056, -1.2666239 51.7605326))",,survey,Koto,Walton Street,retail,,,,restaurant,,,,,,,,,,,,,,,,,Oxford,,,,,,,,,,,,,,,,,,,1285803,,,"[1273289882, 1273289094, 1273289297, 1273289512, 1273289566, 1273290232, 1273289882]",,,,,,,,,Bing,,,,,,,,,,,,,,,,,,,,,,,,,,,,,,,,,,,,,,,,,,,,,,,,,,,,,,,,,,,,,,,,,,,,,,,,japanese,,,,,,,,,,,,,,,,,,,,,,,,,,,,,,,,,,,,,,,,,,,,,,,,,,,,,,,,,,,,,,,,,,,,,,,,,,,,,,,,,,,,,,,,,,,,,,,,,,,,,,,,,,,,,,,,,,,,,,,,,,,,,,,,,,,,,,,,,,,,,,,51.76054683758504,-1.2665323925718066,114
41,{86C25F8C-367D-4D26-8A44-EB710373977A},72500,1996-10-24,ox2 6ht,F,N,L,4,FLAT,WOODSTOCK ROAD,OXFORD,OXFORD,OXFORD,OXFORDSHIRE,A,A,261199,4,,"POLYGON ((-1.2608175 51.7591747, -1.2608909 51.7591629, -1.260877 51.7591299, -1.2608709 51.7591154, -1.2607499 51.7591348, -1.2607698 51.7591823, -1.2608175 51.7591747))",,survey,,Woodstock Road,yes,,,,,,,,,,,,,,,,,,,,,,,,,,,,,,,,,,,,,,,,,,,"[1289197532, 1289197622, 1289197781, 1289197423, 1289197797, 1289197634, 1289197532]",,,,,,,,,,,,,,,,,,,,,,,,,,,,,,,,,,,,,,,,,,,,,,,,,,,,,,,,,,,,,,,,,,,,,,,,,,,,,,,,,,,,,,,,,,,,,,,,,,,,,,,,,,,,,,,,,,,,,,,,,,,,,,,,,,,,,,,,,,,,,,,,,,,,,,,,,,,,,,,,,,,,,,,,,,,,,,,,,,,,,,,,,,,,,,,,,,,,,,,,,,,,,,,,,,,,,,,,,,,,,,,,51.75914886280819,-1.2608203805950418,
42,{726BF13B-B8A9-0A46-E053-6C04A8C01D0D},25000,2018-06-27,ox2 6ht,O,N,L,2,,WOODSTOCK ROAD,,OXFORD,OXFORD,OXFORDSHIRE,B,A,9599354,2,,"POLYGON ((-1.2608709 51.7591154, -1.2608485 51.7590618, -1.2607274 51.7590812, -1.2607499 51.7591348, -1.2608709 51.7591154))",,survey,Le Fam Nails Lounge,Woodstock Road,yes,,,,,,,,,,,,,,,,,,,,,,,,,,beauty,,,,,,,,,,,,,,,,,"[1289197423, 1289197435, 1289197863, 1289197797, 1289197423]",,,,,,,,,Bing,,,,,,,,,,,,,,,,,,,,,,,,,,,,,,,,,,,,,,,,,,,,,,,,,,,,,,,,,,,,,,,,,,,,,,,,,,,,,,,,,,,,,nails,,,,,,,,,,,,,,,,,,,,,,,,,,,,,,,,,,,,,,,,,,,,,,,,,,,,,,,,,,,,,,,,,,,,,,,,,,,,,,,,,,,,,,,,,,,,,,,,,,,,,,,,,,,,,,,,,,,,,,,,,,,,,,,,,,51.75909829699515,-1.2607991707252704,2
43,{1EAE3DF7-6FC4-9EB1-E063-4704A8C09D02},1410241,2024-05-01,ox2 6ht,O,N,F,8,,WOODSTOCK ROAD,,OXFORD,OXFORD,OXFORDSHIRE,B,A,15479617,8,,"POLYGON ((-1.2608295 51.7592033, -1.2607827 51.7592109, -1.2607994 51.7592508, -1.2609196 51.7592314, -1.2609167 51.7592244, -1.2609029 51.7591916, -1.2608295 51.7592033))",yes,survey,Carey Blyth,Woodstock Road,house,,,,,,,,,,,,,,,,,https://www.jennyblythfineart.co.uk/,,,,,,,,,art,,,,,,,,,,,,,,,,,"[1289197476, 1289197380, 1289197694, 1289197574, 1289197528, 1289197520, 1289197476]",,3,,,,,,,Bing,,,,,,,,,,,,,,,,,,,,,,,,,,,,,,,,,,,,,,,,,,,,,,,,,,,,,,,,,,,,,,,,,,,,,,,,,,,,,,,,,,,,,,,,,,,,,,,,,,,,,,,,,,,,,,,,,,,,,,,,,,,,,,,,,,,,,,,,,,,,,,,,,,,,,,,,,,,,,,,,,,,,,,,,,,,,,,,,,,,,,,,,,,,,,,,,,,,,,,,,,,,,,,,,,,,,,,,51.75922115977208,-1.260851123048567,8
44,{1EAE3DF7-6FC5-9EB1-E063-4704A8C09D02},1350000,2024-03-08,ox2 6ht,D,N,F,8,,WOODSTOCK ROAD,,OXFORD,OXFORD,OXFORDSHIRE,B,A,15479618,8,,"POLYGON ((-1.2608295 51.7592033, -1.2607827 51.7592109, -1.2607994 51.7592508, -1.2609196 51.7592314, -1.2609167 51.7592244, -1.2609029 51.7591916, -1.2608295 51.7592033))",yes,survey,Carey Blyth,Woodstock Road,house,,,,,,,,,,,,,,,,,https://www.jennyblythfineart.co.uk/,,,,,,,,,art,,,,,,,,,,,,,,,,,"[1289197476, 1289197380, 1289197694, 1289197574, 1289197528, 1289197520, 1289197476]",,3,,,,,,,Bing,,,,,,,,,,,,,,,,,,,,,,,,,,,,,,,,,,,,,,,,,,,,,,,,,,,,,,,,,,,,,,,,,,,,,,,,,,,,,,,,,,,,,,,,,,,,,,,,,,,,,,,,,,,,,,,,,,,,,,,,,,,,,,,,,,,,,,,,,,,,,,,,,,,,,,,,,,,,,,,,,,,,,,,,,,,,,,,,,,,,,,,,,,,,,,,,,,,,,,,,,,,,,,,,,,,,,,,51.75922115977208,-1.260851123048567,8
45,{F489301A-EC8E-4F0A-A18E-46591A8EC916},80000,1998-05-01,ox2 6ht,F,N,L,4,FLAT,WOODSTOCK ROAD,OXFORD,OXFORD,OXFORD,OXFORDSHIRE,A,A,16381810,4,,"POLYGON ((-1.2608175 51.7591747, -1.2608909 51.7591629, -1.260877 51.7591299, -1.2608709 51.7591154, -1.2607499 51.7591348, -1.2607698 51.7591823, -1.2608175 51.7591747))",,survey,,Woodstock Road,yes,,,,,,,,,,,,,,,,,,,,,,,,,,,,,,,,,,,,,,,,,,,"[1289197532, 1289197622, 1289197781, 1289197423, 1289197797, 1289197634, 1289197532]",,,,,,,,,,,,,,,,,,,,,,,,,,,,,,,,,,,,,,,,,,,,,,,,,,,,,,,,,,,,,,,,,,,,,,,,,,,,,,,,,,,,,,,,,,,,,,,,,,,,,,,,,,,,,,,,,,,,,,,,,,,,,,,,,,,,,,,,,,,,,,,,,,,,,,,,,,,,,,,,,,,,,,,,,,,,,,,,,,,,,,,,,,,,,,,,,,,,,,,,,,,,,,,,,,,,,,,,,,,,,,,,51.75914886280819,-1.2608203805950418,
46,{456BCF69-58C4-42FE-B1BC-531B6C155345},475000,2001-07-13,ox2 6ht,D,N,F,8A,,WOODSTOCK ROAD,OXFORD,OXFORD,OXFORD,OXFORDSHIRE,A,A,20094522,8,,"POLYGON ((-1.2608295 51.7592033, -1.2607827 51.7592109, -1.2607994 51.7592508, -1.2609196 51.7592314, -1.2609167 51.7592244, -1.2609029 51.7591916, -1.2608295 51.7592033))",yes,survey,Carey Blyth,Woodstock Road,house,,,,,,,,,,,,,,,,,https://www.jennyblythfineart.co.uk/,,,,,,,,,art,,,,,,,,,,,,,,,,,"[1289197476, 1289197380, 1289197694, 1289197574, 1289197528, 1289197520, 1289197476]",,3,,,,,,,Bing,,,,,,,,,,,,,,,,,,,,,,,,,,,,,,,,,,,,,,,,,,,,,,,,,,,,,,,,,,,,,,,,,,,,,,,,,,,,,,,,,,,,,,,,,,,,,,,,,,,,,,,,,,,,,,,,,,,,,,,,,,,,,,,,,,,,,,,,,,,,,,,,,,,,,,,,,,,,,,,,,,,,,,,,,,,,,,,,,,,,,,,,,,,,,,,,,,,,,,,,,,,,,,,,,,,,,,,51.75922115977208,-1.260851123048567,8
47,{72B85200-50E9-4952-9853-0E3A18A03E97},59000,2003-11-28,ox2 6ht,F,N,L,8A,,WOODSTOCK ROAD,OXFORD,OXFORD,OXFORD,OXFORDSHIRE,A,A,22281449,8,,"POLYGON ((-1.2608295 51.7592033, -1.2607827 51.7592109, -1.2607994 51.7592508, -1.2609196 51.7592314, -1.2609167 51.7592244, -1.2609029 51.7591916, -1.2608295 51.7592033))",yes,survey,Carey Blyth,Woodstock Road,house,,,,,,,,,,,,,,,,,https://www.jennyblythfineart.co.uk/,,,,,,,,,art,,,,,,,,,,,,,,,,,"[1289197476, 1289197380, 1289197694, 1289197574, 1289197528, 1289197520, 1289197476]",,3,,,,,,,Bing,,,,,,,,,,,,,,,,,,,,,,,,,,,,,,,,,,,,,,,,,,,,,,,,,,,,,,,,,,,,,,,,,,,,,,,,,,,,,,,,,,,,,,,,,,,,,,,,,,,,,,,,,,,,,,,,,,,,,,,,,,,,,,,,,,,,,,,,,,,,,,,,,,,,,,,,,,,,,,,,,,,,,,,,,,,,,,,,,,,,,,,,,,,,,,,,,,,,,,,,,,,,,,,,,,,,,,,51.75922115977208,-1.260851123048567,8
48,{D3E1C6D7-1661-438A-B198-FB5015B2675C},82500,2005-02-25,ox2 6ht,F,Y,L,8,,WOODSTOCK ROAD,OXFORD,OXFORD,OXFORD,OXFORDSHIRE,A,A,25031199,8,,"POLYGON ((-1.2608295 51.7592033, -1.2607827 51.7592109, -1.2607994 51.7592508, -1.2609196 51.7592314, -1.2609167 51.7592244, -1.2609029 51.7591916, -1.2608295 51.7592033))",yes,survey,Carey Blyth,Woodstock Road,house,,,,,,,,,,,,,,,,,https://www.jennyblythfineart.co.uk/,,,,,,,,,art,,,,,,,,,,,,,,,,,"[1289197476, 1289197380, 1289197694, 1289197574, 1289197528, 1289197520, 1289197476]",,3,,,,,,,Bing,,,,,,,,,,,,,,,,,,,,,,,,,,,,,,,,,,,,,,,,,,,,,,,,,,,,,,,,,,,,,,,,,,,,,,,,,,,,,,,,,,,,,,,,,,,,,,,,,,,,,,,,,,,,,,,,,,,,,,,,,,,,,,,,,,,,,,,,,,,,,,,,,,,,,,,,,,,,,,,,,,,,,,,,,,,,,,,,,,,,,,,,,,,,,,,,,,,,,,,,,,,,,,,,,,,,,,,51.75922115977208,-1.260851123048567,8
